id;node;origin
"#diabetes";"#diabetes";"tuning"
"#diabetes_control";"#diabetes_control";"tuning"
"#type2diabetesreversal";"#type2diabetesreversal";"tuning"
"#herbaltea";"#herbaltea";"tuning"
"#tw";"#tw";"tuning"
"#مرضى_السكري";"#مرضى_السكري";"tuning"
"#recettefacile";"#recettefacile";"tuning"
"#diabetesreversal";"#diabetesreversal";"tuning"
"#yujiitadori";"#yujiitadori";"tuning"
"#WhatACureFeelsLike";"#WhatACureFeelsLike";"tuning"
"#howtoworkoutproperly";"#howtoworkoutproperly";"tuning"
"#intermittentfastingforbeginners";"#intermittentfastingforbeginners";"tuning"
"#ارتفاع_السكر";"#ارتفاع_السكر";"tuning"
"#study";"#study";"tuning"
"#bloodsugars";"#bloodsugars";"tuning"
"#الياف";"#الياف";"tuning"
"#business";"#business";"both"
"#Juneteenth";"#Juneteenth";"tuning"
"#prevention";"#prevention";"tuning"
"#diet";"#diet";"tuning"
"#teste";"#teste";"tuning"
"#nocheats";"#nocheats";"tuning"
"#medicalschool";"#medicalschool";"tuning"
"#sponsored";"#sponsored";"tuning"
"#freeconsultation";"#freeconsultation";"tuning"
"#diabeteso";"#diabeteso";"tuning"
"#T1dm";"#T1dm";"tuning"
"#HomeRemedies";"#HomeRemedies";"tuning"
"#love";"#love";"both"
"#fyyyyyyyyyyyyyyyy";"#fyyyyyyyyyyyyyyyy";"both"
"#وصفة";"#وصفة";"tuning"
"#tiktokshopfinds";"#tiktokshopfinds";"tuning"
"#itadoriyuuji";"#itadoriyuuji";"both"
"#waarschuwingsschoten";"#waarschuwingsschoten";"tuning"
"#السكري";"#السكري";"tuning"
"#weightgoals";"#weightgoals";"tuning"
"#rejection";"#rejection";"tuning"
"#literallyme";"#literallyme";"tuning"
"#animations";"#animations";"both"
"#healthcare";"#healthcare";"tuning"
"#A1c";"#A1c";"tuning"
"#bloodsmear";"#bloodsmear";"tuning"
"#landomechanic";"#landomechanic";"tuning"
"#doctors";"#doctors";"tuning"
"#menshappiness";"#menshappiness";"tuning"
"#diabetesproblems";"#diabetesproblems";"tuning"
"#tiktoker";"#tiktoker";"tuning"
"#smoochies";"#smoochies";"tuning"
"#mimecraftedits";"#mimecraftedits";"tuning"
"#agenciademarketing";"#agenciademarketing";"tuning"
"#womenshealth";"#womenshealth";"tuning"
"#myjourney";"#myjourney";"tuning"
"#weight";"#weight";"tuning"
"#blowthisup";"#blowthisup";"both"
"#t1diabetes";"#t1diabetes";"tuning"
"#instagram";"#instagram";"tuning"
"#bloodsugarcontrol";"#bloodsugarcontrol";"tuning"
"#holland";"#holland";"both"
"#tiktokshopmothersday";"#tiktokshopmothersday";"tuning"
"#الشيا";"#الشيا";"tuning"
"#نسبة_السكر";"#نسبة_السكر";"tuning"
"#تحذير_صحي";"#تحذير_صحي";"tuning"
"#fastingforhealth";"#fastingforhealth";"tuning"
"#MedicareCoverage";"#MedicareCoverage";"tuning"
"#doctortok";"#doctortok";"tuning"
"#diabetesemcaes";"#diabetesemcaes";"tuning"
"#veo3";"#veo3";"both"
"#الصيام_لعلاج_السكري";"#الصيام_لعلاج_السكري";"tuning"
"#heykim";"#heykim";"tuning"
"#Groningen";"#Groningen";"tuning"
"#June19Facts";"#June19Facts";"tuning"
"#highproteinmeals";"#highproteinmeals";"tuning"
"#arabhealth";"#arabhealth";"tuning"
"#summer";"#summer";"both"
"#cutenchronic";"#cutenchronic";"tuning"
"#boeiend";"#boeiend";"tuning"
"#prediabetessymptoms";"#prediabetessymptoms";"tuning"
"#canada";"#canada";"tuning"
"#type1d";"#type1d";"tuning"
"#holistichealth";"#holistichealth";"tuning"
"#dachshunds";"#dachshunds";"tuning"
"#thrive";"#thrive";"tuning"
"#سكري_النوع_الثاني";"#سكري_النوع_الثاني";"tuning"
"#glooko";"#glooko";"tuning"
"#سكري_بدون_دواء";"#سكري_بدون_دواء";"tuning"
"#FamilyHistory";"#FamilyHistory";"tuning"
"#yoshinori";"#yoshinori";"tuning"
"#الانسولين_في_الدم";"#الانسولين_في_الدم";"tuning"
"#مكملات_صحية";"#مكملات_صحية";"tuning"
"#glucophage";"#glucophage";"tuning"
"#spongebob";"#spongebob";"tuning"
"#icebucketchallenge";"#icebucketchallenge";"tuning"
"#TypeOneAndTwo";"#TypeOneAndTwo";"tuning"
"#الشفاء_الذاتي";"#الشفاء_الذاتي";"tuning"
"#تغذية_صحية";"#تغذية_صحية";"tuning"
"#dandeliontea";"#dandeliontea";"tuning"
"#metabolism";"#metabolism";"tuning"
"#مقاومة_الإنسولين";"#مقاومة_الإنسولين";"tuning"
"#OuraRing";"#OuraRing";"tuning"
"#massfollowing";"#massfollowing";"tuning"
"#shop";"#shop";"tuning"
"#valued";"#valued";"tuning"
"#discountshopping";"#discountshopping";"tuning"
"#التراكمي";"#التراكمي";"tuning"
"#reversediabetes";"#reversediabetes";"tuning"
"#Type2Diabetes";"#Type2Diabetes";"tuning"
"#DiabetesManagement";"#DiabetesManagement";"tuning"
"#BlackCulture";"#BlackCulture";"tuning"
"#unitedstates";"#unitedstates";"both"
"#zimislecel";"#zimislecel";"tuning"
"#funny";"#funny";"both"
"#glp1tips";"#glp1tips";"tuning"
"#freecheckup";"#freecheckup";"tuning"
"#intermittentfasting";"#intermittentfasting";"tuning"
"#النعناع";"#النعناع";"tuning"
"#diabetictok";"#diabetictok";"tuning"
"#antiaging";"#antiaging";"tuning"
"#glp1";"#glp1";"tuning"
"#YMCAMontebelloCaliforni";"#YMCAMontebelloCaliforni";"tuning"
"#datboyhell";"#datboyhell";"tuning"
"#chảgiò";"#chảgiò";"tuning"
"#ALS";"#ALS";"tuning"
"#t1dmom";"#t1dmom";"tuning"
"#kfc";"#kfc";"tuning"
"#t1";"#t1";"tuning"
"#fastingbloodsugar";"#fastingbloodsugar";"tuning"
"#تغذية";"#تغذية";"tuning"
"#neuropathy";"#neuropathy";"tuning"
"#dexcomg6";"#dexcomg6";"tuning"
"#gumball";"#gumball";"tuning"
"#betteryousupplements";"#betteryousupplements";"tuning"
"#FreestyleLibre2";"#FreestyleLibre2";"tuning"
"#healthtok";"#healthtok";"tuning"
"#stampy";"#stampy";"tuning"
"#insidertrading";"#insidertrading";"tuning"
"#diabetestechnology";"#diabetestechnology";"tuning"
"#بدون_كارب";"#بدون_كارب";"tuning"
"#الفاكهة_والسكري";"#الفاكهة_والسكري";"tuning"
"#TikTokTips";"#TikTokTips";"tuning"
"#الاعصاب";"#الاعصاب";"tuning"
"#typeone";"#typeone";"tuning"
"#Type1Diabetes";"#Type1Diabetes";"tuning"
"#comunicaçãoestratégica";"#comunicaçãoestratégica";"tuning"
"#toddlert1d";"#toddlert1d";"tuning"
"#healthtips";"#healthtips";"tuning"
"#OuraRing4";"#OuraRing4";"tuning"
"#houseoftiktok";"#houseoftiktok";"tuning"
"#bloodglucose";"#bloodglucose";"tuning"
"#apitiktok";"#apitiktok";"tuning"
"#حمية";"#حمية";"tuning"
"#reversediabetestype2";"#reversediabetestype2";"tuning"
"#foryouu";"#foryouu";"both"
"#Share";"#Share";"tuning"
"#LimonadaDaBoa";"#LimonadaDaBoa";"tuning"
"#inspiration";"#inspiration";"tuning"
"#bodyimage";"#bodyimage";"tuning"
"#AbbottBrasil";"#AbbottBrasil";"tuning"
"#wienerdog";"#wienerdog";"tuning"
"#tipsandtricks";"#tipsandtricks";"tuning"
"#نصيحة_طبية";"#نصيحة_طبية";"tuning"
"#politiepodcast";"#politiepodcast";"tuning"
"#معلومة_موثوقة";"#معلومة_موثوقة";"tuning"
"#blackmade";"#blackmade";"tuning"
"#god";"#god";"both"
"#jesuslovesyou";"#jesuslovesyou";"both"
"#medtronicdiabetes";"#medtronicdiabetes";"tuning"
"#vitamine_e";"#vitamine_e";"tuning"
"#Tandem";"#Tandem";"tuning"
"#dinnerwithme";"#dinnerwithme";"tuning"
"#فوائد";"#فوائد";"tuning"
"#pourtoi";"#pourtoi";"both"
"#rotterdam";"#rotterdam";"both"
"#صحة_بدون_أدوية";"#صحة_بدون_أدوية";"tuning"
"#carnivoredietl";"#carnivoredietl";"tuning"
"#diabeteschild";"#diabeteschild";"tuning"
"#dance";"#dance";"both"
"#lukebelmar";"#lukebelmar";"tuning"
"#newcreator";"#newcreator";"tuning"
"#tiktokfamous";"#tiktokfamous";"tuning"
"#HealthyCarbs";"#HealthyCarbs";"tuning"
"#fatlossfoods";"#fatlossfoods";"tuning"
"#السكر_في_الدم";"#السكر_في_الدم";"tuning"
"#bloodpressure";"#bloodpressure";"tuning"
"#fiber";"#fiber";"tuning"
"#cliffeknechtle";"#cliffeknechtle";"tuning"
"#comidasaludable";"#comidasaludable";"tuning"
"#markzuckerberg";"#markzuckerberg";"tuning"
"#fypシ";"#fypシ";"both"
"#cruiselife";"#cruiselife";"tuning"
"#EmancipationProclamation";"#EmancipationProclamation";"tuning"
"#chihuahua";"#chihuahua";"tuning"
"#diabetesfoodshopinlagos";"#diabetesfoodshopinlagos";"tuning"
"#assumptionschallenge";"#assumptionschallenge";"tuning"
"#douleurs";"#douleurs";"tuning"
"#patandjen";"#patandjen";"tuning"
"#diabetescheck";"#diabetescheck";"tuning"
"#cgmuser";"#cgmuser";"tuning"
"#ninjawarrior";"#ninjawarrior";"tuning"
"#WeightWatchers";"#WeightWatchers";"tuning"
"#الاعشاب";"#الاعشاب";"tuning"
"#pharmacyschool";"#pharmacyschool";"tuning"
"#minidachshund";"#minidachshund";"tuning"
"#healthcareworker";"#healthcareworker";"tuning"
"#savetiktok2023";"#savetiktok2023";"tuning"
"#healthyrecipes";"#healthyrecipes";"both"
"#تقوية_القلب";"#تقوية_القلب";"tuning"
"#DiabetesAwareness";"#DiabetesAwareness";"tuning"
"#Diabetictea";"#Diabetictea";"tuning"
"#bloodsugard";"#bloodsugard";"tuning"
"#betabionics";"#betabionics";"tuning"
"#jistro4edit";"#jistro4edit";"tuning"
"#entrevista";"#entrevista";"tuning"
"#type2diabetestalk";"#type2diabetestalk";"tuning"
"#losingthosepounds";"#losingthosepounds";"tuning"
"#حمية_السكري";"#حمية_السكري";"tuning"
"#insulinsensitivity";"#insulinsensitivity";"tuning"
"#diabuddy";"#diabuddy";"tuning"
"#alternativesforGastrobypass";"#alternativesforGastrobypass";"tuning"
"#y";"#y";"both"
"#selfimprovement";"#selfimprovement";"both"
"#womeninmedicine";"#womeninmedicine";"tuning"
"#t1dt";"#t1dt";"tuning"
"#onthisday";"#onthisday";"tuning"
"#diabetesmedication";"#diabetesmedication";"tuning"
"#DiabetesReversal";"#DiabetesReversal";"tuning"
"#MarMari";"#MarMari";"tuning"
"#freestylelibre";"#freestylelibre";"tuning"
"#support";"#support";"tuning"
"#looseleaftea";"#looseleaftea";"tuning"
"#diabeteslunchbox";"#diabeteslunchbox";"tuning"
"#unhealthywl";"#unhealthywl";"tuning"
"#healthylifestyle";"#healthylifestyle";"tuning"
"#oldroblox";"#oldroblox";"tuning"
"#الصحة_أولا";"#الصحة_أولا";"tuning"
"#typ";"#typ";"tuning"
"#dancrenshaw";"#dancrenshaw";"tuning"
"#man";"#man";"tuning"
"#aifilter";"#aifilter";"tuning"
"#mem";"#mem";"tuning"
"#TikTokPostingTips";"#TikTokPostingTips";"tuning"
"#energyboost";"#energyboost";"tuning"
"#wockst";"#wockst";"both"
"#howIGotridofType2diabetes";"#howIGotridofType2diabetes";"tuning"
"#الشعب_الصيني_ماله_حل";"#الشعب_الصيني_ماله_حل";"tuning"
"#AfricanAmericanHistory";"#AfricanAmericanHistory";"tuning"
"#قرفة";"#قرفة";"tuning"
"#doctor";"#doctor";"tuning"
"#packgod";"#packgod";"tuning"
"#relationship";"#relationship";"both"
"#bloodsugarmanagement";"#bloodsugarmanagement";"tuning"
"#coconutwater";"#coconutwater";"tuning"
"#InsulinResistance";"#InsulinResistance";"tuning"
"#morningbloodsugar";"#morningbloodsugar";"tuning"
"#ثبات_الوزن";"#ثبات_الوزن";"tuning"
"#luhhjosh";"#luhhjosh";"tuning"
"#diabetestips";"#diabetestips";"tuning"
"#nyc";"#nyc";"tuning"
"#علاج_بالاعشاب";"#علاج_بالاعشاب";"tuning"
"#medicaltok";"#medicaltok";"tuning"
"#Omnipod5";"#Omnipod5";"tuning"
"#ketonesforfuel";"#ketonesforfuel";"tuning"
"#علاج_السكري_طبيعيا";"#علاج_السكري_طبيعيا";"tuning"
"#علاج_القولون_العصبي";"#علاج_القولون_العصبي";"tuning"
"#viraltiktok";"#viraltiktok";"both"
"#netflix";"#netflix";"both"
"#foruyou";"#foruyou";"both"
"#jeuneintermittent";"#jeuneintermittent";"tuning"
"#FreestyleLibre";"#FreestyleLibre";"tuning"
"#trend";"#trend";"both"
"#chatgpt";"#chatgpt";"both"
"#wongyoungism";"#wongyoungism";"tuning"
"#إسبانيا";"#إسبانيا";"tuning"
"#SintomasDeDiabetes";"#SintomasDeDiabetes";"tuning"
"#loseweightsafely";"#loseweightsafely";"tuning"
"#vitamins";"#vitamins";"tuning"
"#علاج_السكري";"#علاج_السكري";"tuning"
"#behindthescenes";"#behindthescenes";"tuning"
"#bakerthecook";"#bakerthecook";"tuning"
"#diabetesreversalprogram";"#diabetesreversalprogram";"tuning"
"#mentalhealthtiktok";"#mentalhealthtiktok";"tuning"
"#diabetesawareness";"#diabetesawareness";"tuning"
"#mc";"#mc";"tuning"
"#buzzer";"#buzzer";"tuning"
"#ozempicjourney";"#ozempicjourney";"tuning"
"#TAWOG";"#TAWOG";"tuning"
"#fitnesstipsfitnesstiktok";"#fitnesstipsfitnesstiktok";"tuning"
"#medicalstudent";"#medicalstudent";"tuning"
"#نوم_مبكر";"#نوم_مبكر";"tuning"
"#prediabetesoodsugarfriendly";"#prediabetesoodsugarfriendly";"tuning"
"#registereddietitian";"#registereddietitian";"tuning"
"#action";"#action";"tuning"
"#MindBodyHealth";"#MindBodyHealth";"tuning"
"#sequeltwiist";"#sequeltwiist";"tuning"
"#dextermorgan";"#dextermorgan";"tuning"
"#Prevenção";"#Prevenção";"tuning"
"#holisticwaytogetoffhighpressuremedication";"#holisticwaytogetoffhighpressuremedication";"tuning"
"#LikesAreFree";"#LikesAreFree";"tuning"
"#medicationfreedom";"#medicationfreedom";"tuning"
"#مراقبة_السكر";"#مراقبة_السكر";"tuning"
"#healthherbs";"#healthherbs";"tuning"
"#كمون";"#كمون";"tuning"
"#regime";"#regime";"tuning"
"#جوع_مستمر";"#جوع_مستمر";"tuning"
"#linkinbio";"#linkinbio";"tuning"
"#lowcarbliving";"#lowcarbliving";"tuning"
"#bloodglucosemonitoring";"#bloodglucosemonitoring";"tuning"
"#togethertype1";"#togethertype1";"tuning"
"#diabetessymptoms";"#diabetessymptoms";"tuning"
"#diabetesemcachorros";"#diabetesemcachorros";"tuning"
"#reversingtypetwodiabetes";"#reversingtypetwodiabetes";"tuning"
"#losingweight";"#losingweight";"tuning"
"#diabetesmealplans";"#diabetesmealplans";"tuning"
"#boeiendopstraat";"#boeiendopstraat";"tuning"
"#proteinemeals";"#proteinemeals";"tuning"
"#contentcreation";"#contentcreation";"tuning"
"#diabetesrecipes";"#diabetesrecipes";"tuning"
"#ReversalIsPossible";"#ReversalIsPossible";"tuning"
"#خفض_السكر";"#خفض_السكر";"tuning"
"#losingover100poundssafely";"#losingover100poundssafely";"tuning"
"#الطب_البديل";"#الطب_البديل";"tuning"
"#og";"#og";"tuning"
"#diabetesfood";"#diabetesfood";"tuning"
"#healthyfoodsyoushouldbeeating";"#healthyfoodsyoushouldbeeating";"tuning"
"#td2";"#td2";"tuning"
"#وصفات_سهله";"#وصفات_سهله";"tuning"
"#retirementgoals";"#retirementgoals";"tuning"
"#howtofast";"#howtofast";"tuning"
"#healthinsurance";"#healthinsurance";"tuning"
"#phonk";"#phonk";"tuning"
"#justice";"#justice";"tuning"
"#tiktokvideotips";"#tiktokvideotips";"tuning"
"#tiktokautomation";"#tiktokautomation";"tuning"
"#علاج_طبيعي";"#علاج_طبيعي";"tuning"
"#jamaicanfyp";"#jamaicanfyp";"tuning"
"#الرياضة_علاج";"#الرياضة_علاج";"tuning"
"#نقص_B12";"#نقص_B12";"tuning"
"#engagement";"#engagement";"tuning"
"#CulturalTransmission";"#CulturalTransmission";"tuning"
"#type2diabetesawareness";"#type2diabetesawareness";"tuning"
"#ban";"#ban";"tuning"
"#needles";"#needles";"tuning"
"#reverseprediabetes";"#reverseprediabetes";"tuning"
"#reducemedication";"#reducemedication";"tuning"
"#politiek";"#politiek";"both"
"#prediabetique";"#prediabetique";"tuning"
"#howtoguide";"#howtoguide";"tuning"
"#losingweightchallenge";"#losingweightchallenge";"tuning"
"#diabetespodcast";"#diabetespodcast";"tuning"
"#fast";"#fast";"both"
"#ysl";"#ysl";"tuning"
"#qatar";"#qatar";"tuning"
"#PhilipAnthonyMitchell";"#PhilipAnthonyMitchell";"tuning"
"#darkacademia";"#darkacademia";"tuning"
"#puasa";"#puasa";"tuning"
"#type2d";"#type2d";"tuning"
"#أوميغا3";"#أوميغا3";"tuning"
"#السعودية";"#السعودية";"tuning"
"#bloodsugarfriendly";"#bloodsugarfriendly";"tuning"
"#المعدة";"#المعدة";"tuning"
"#Eatinghealthy";"#Eatinghealthy";"tuning"
"#obito";"#obito";"tuning"
"#Diabetesweek";"#Diabetesweek";"tuning"
"#humor";"#humor";"both"
"#freestylelibre3";"#freestylelibre3";"tuning"
"#tweedekamer";"#tweedekamer";"both"
"#fortnite";"#fortnite";"both"
"#diaryofaCEO";"#diaryofaCEO";"tuning"
"#مريض_سكري";"#مريض_سكري";"tuning"
"#obesityawareness";"#obesityawareness";"tuning"
"#diabeteslifestyle";"#diabeteslifestyle";"tuning"
"#viraltiktokvideo";"#viraltiktokvideo";"tuning"
"#الدول_العربيه";"#الدول_العربيه";"tuning"
"#gethealthy";"#gethealthy";"tuning"
"#EmpoweredHealing";"#EmpoweredHealing";"tuning"
"#jailbreak";"#jailbreak";"tuning"
"#prediabetesb";"#prediabetesb";"tuning"
"#intermittentfasting16hours";"#intermittentfasting16hours";"tuning"
"#diabetessolution";"#diabetessolution";"tuning"
"#بدون_تحاليل";"#بدون_تحاليل";"tuning"
"#معلومات_صحية";"#معلومات_صحية";"tuning"
"#healthycookingtips";"#healthycookingtips";"tuning"
"#diaversary";"#diaversary";"tuning"
"#jjk";"#jjk";"both"
"#explorar";"#explorar";"tuning"
"#conservationtok";"#conservationtok";"tuning"
"#Ozempic";"#Ozempic";"tuning"
"#lowcarblunch";"#lowcarblunch";"tuning"
"#engage";"#engage";"both"
"#fyp";"#fyp";"both"
"#مكملات";"#مكملات";"tuning"
"#Dexcomg7";"#Dexcomg7";"tuning"
"#poetryslideshow";"#poetryslideshow";"tuning"
"#Drum";"#Drum";"tuning"
"#hornetsnest";"#hornetsnest";"tuning"
"#Empreendedorismo";"#Empreendedorismo";"tuning"
"#nervedamage";"#nervedamage";"tuning"
"#cgm";"#cgm";"tuning"
"#prediabetic";"#prediabetic";"tuning"
"#gcse";"#gcse";"tuning"
"#hungergames";"#hungergames";"tuning"
"#lebronjames";"#lebronjames";"tuning"
"#wildlife";"#wildlife";"tuning"
"#healtyliving";"#healtyliving";"tuning"
"#pat";"#pat";"tuning"
"#iran";"#iran";"tuning"
"#ksa";"#ksa";"tuning"
"#glp1forweightloss";"#glp1forweightloss";"tuning"
"#سموم";"#سموم";"tuning"
"#JimmyFallon";"#JimmyFallon";"both"
"#fruits";"#fruits";"both"
"#diabetestype2";"#diabetestype2";"tuning"
"#اعشاب_طبيعيه_فوائد";"#اعشاب_طبيعيه_فوائد";"tuning"
"#diabeticfood";"#diabeticfood";"tuning"
"#Libre3";"#Libre3";"tuning"
"#tiktokpartners";"#tiktokpartners";"tuning"
"#تنظيم_السكر";"#تنظيم_السكر";"tuning"
"#holistichealthtips";"#holistichealthtips";"tuning"
"#tiktokdoc";"#tiktokdoc";"tuning"
"#howtoreversehighcholesterol";"#howtoreversehighcholesterol";"tuning"
"#libre";"#libre";"tuning"
"#diabetestipo2";"#diabetestipo2";"tuning"
"#توعية_صحية";"#توعية_صحية";"tuning"
"#sausagedog";"#sausagedog";"tuning"
"#salud";"#salud";"tuning"
"#johnsummit";"#johnsummit";"tuning"
"#نصائح_مفيدة";"#نصائح_مفيدة";"tuning"
"#library";"#library";"tuning"
"#خفض_التوتر";"#خفض_التوتر";"tuning"
"#AgênciaLimoeiro";"#AgênciaLimoeiro";"tuning"
"#indigenous";"#indigenous";"tuning"
"#GrowYourAudience";"#GrowYourAudience";"tuning"
"#vent";"#vent";"tuning"
"#معلومة_مفيدة";"#معلومة_مفيدة";"tuning"
"#texas";"#texas";"tuning"
"#cachorrosdiabeticos";"#cachorrosdiabeticos";"tuning"
"#alevels";"#alevels";"tuning"
"#film";"#film";"both"
"#shower";"#shower";"tuning"
"#dogtok";"#dogtok";"tuning"
"#doctorsoftiktok";"#doctorsoftiktok";"tuning"
"#bloodsugarlevels";"#bloodsugarlevels";"tuning"
"#functionalmedicine";"#functionalmedicine";"tuning"
"#أخطاء_تغذية";"#أخطاء_تغذية";"tuning"
"#student";"#student";"tuning"
"#popularmmos";"#popularmmos";"tuning"
"#goodolddays";"#goodolddays";"tuning"
"#Christianity";"#Christianity";"tuning"
"#type2di";"#type2di";"tuning"
"#reverseinsulinresistance";"#reverseinsulinresistance";"tuning"
"#neuropatiadiabetica";"#neuropatiadiabetica";"tuning"
"#preventivehealth";"#preventivehealth";"tuning"
"#googleveo";"#googleveo";"both"
"#اعرف_جسمك";"#اعرف_جسمك";"tuning"
"#endthestigma";"#endthestigma";"tuning"
"#reasonstoslowdown";"#reasonstoslowdown";"tuning"
"#calories";"#calories";"tuning"
"#marchingband";"#marchingband";"tuning"
"#thermalspa";"#thermalspa";"tuning"
"#losing80pounds";"#losing80pounds";"tuning"
"#diabetescoach";"#diabetescoach";"tuning"
"#reverse_diabetestz";"#reverse_diabetestz";"tuning"
"#hypixelbridge";"#hypixelbridge";"tuning"
"#rawfooddiet";"#rawfooddiet";"tuning"
"#autophagy";"#autophagy";"tuning"
"#tiktokover50";"#tiktokover50";"tuning"
"#plantbasedhealing";"#plantbasedhealing";"tuning"
"#glycinate";"#glycinate";"tuning"
"#insulin4all";"#insulin4all";"tuning"
"#naruto";"#naruto";"tuning"
"#stress";"#stress";"tuning"
"#الصيام_المتقطع";"#الصيام_المتقطع";"tuning"
"#minecraftpvp";"#minecraftpvp";"tuning"
"#conservation";"#conservation";"tuning"
"#مكملات_غذائية_طبيعية";"#مكملات_غذائية_طبيعية";"tuning"
"#الصحة_العامة";"#الصحة_العامة";"tuning"
"#فاكهة";"#فاكهة";"tuning"
"#NaturalHealth";"#NaturalHealth";"tuning"
"#وصفات";"#وصفات";"tuning"
"#for";"#for";"tuning"
"#محتوى_توعوي";"#محتوى_توعوي";"tuning"
"#men";"#men";"tuning"
"#jujutsukaisen";"#jujutsukaisen";"both"
"#berberine";"#berberine";"tuning"
"#creatorsearchinsights";"#creatorsearchinsights";"both"
"#viralvideo";"#viralvideo";"both"
"#السكري_النوع_الثاني";"#السكري_النوع_الثاني";"tuning"
"#engaging";"#engaging";"tuning"
"#فيتامينات";"#فيتامينات";"tuning"
"#Heritage";"#Heritage";"tuning"
"#bodygoal";"#bodygoal";"tuning"
"#dantdm";"#dantdm";"tuning"
"#type2diabetes";"#type2diabetes";"tuning"
"#celticsaltminerals";"#celticsaltminerals";"tuning"
"#antiagingtips";"#antiagingtips";"tuning"
"#iranian";"#iranian";"tuning"
"#كروميوم";"#كروميوم";"tuning"
"#تجارب";"#تجارب";"tuning"
"#Twiist";"#Twiist";"tuning"
"#Jesus";"#Jesus";"tuning"
"#hyperglycemia";"#hyperglycemia";"tuning"
"#examseason";"#examseason";"tuning"
"#healthyliving";"#healthyliving";"tuning"
"#خطورة_القرفة";"#خطورة_القرفة";"tuning"
"#FreestyleLibre3";"#FreestyleLibre3";"tuning"
"#diabetes180";"#diabetes180";"tuning"
"#stitch";"#stitch";"tuning"
"#jasonfung";"#jasonfung";"tuning"
"#streamer";"#streamer";"both"
"#Medtronic";"#Medtronic";"tuning"
"#بدون_دواء";"#بدون_دواء";"tuning"
"#الجزائر";"#الجزائر";"tuning"
"#jamaicatiktok";"#jamaicatiktok";"both"
"#americanninjawarrior";"#americanninjawarrior";"tuning"
"#قياس_السكر";"#قياس_السكر";"tuning"
"#year13";"#year13";"tuning"
"#AncientGrains";"#AncientGrains";"tuning"
"#amylopectin";"#amylopectin";"tuning"
"#healthyfoods";"#healthyfoods";"tuning"
"#تنزيل_الوزن";"#تنزيل_الوزن";"tuning"
"#tiktokseries";"#tiktokseries";"tuning"
"#netherlands";"#netherlands";"both"
"#t2dt";"#t2dt";"tuning"
"#weightloss";"#weightloss";"tuning"
"#diapersanddiabetes";"#diapersanddiabetes";"tuning"
"#foryou";"#foryou";"both"
"#diabetessupport";"#diabetessupport";"tuning"
"#antioxidants";"#antioxidants";"tuning"
"#persian";"#persian";"both"
"#تراند";"#تراند";"tuning"
"#HarryPotter";"#HarryPotter";"both"
"#TransformandoDesafios";"#TransformandoDesafios";"tuning"
"#publichealth";"#publichealth";"tuning"
"#glutenfreebread";"#glutenfreebread";"tuning"
"#proteine";"#proteine";"tuning"
"#TikTokPartner";"#TikTokPartner";"tuning"
"#dm1";"#dm1";"tuning"
"#sansmedicament";"#sansmedicament";"tuning"
"#selfcaretiktok";"#selfcaretiktok";"tuning"
"#ed";"#ed";"tuning"
"#thesimpsons";"#thesimpsons";"tuning"
"#نقص_فيتامين_D";"#نقص_فيتامين_D";"tuning"
"#yuta";"#yuta";"tuning"
"#youtube";"#youtube";"tuning"
"#الكرش";"#الكرش";"tuning"
"#vemcáver";"#vemcáver";"tuning"
"#reversediabetestz";"#reversediabetestz";"tuning"
"#fastingday";"#fastingday";"tuning"
"#bloodsugarsupplement";"#bloodsugarsupplement";"tuning"
"#aitools";"#aitools";"tuning"
"#hypixelbridgeduels";"#hypixelbridgeduels";"tuning"
"#Vietnamese";"#Vietnamese";"tuning"
"#bloodsugartest";"#bloodsugartest";"tuning"
"#FriedFood";"#FriedFood";"tuning"
"#أوروبا";"#أوروبا";"tuning"
"#nutrition";"#nutrition";"tuning"
"#autoimmunedisease";"#autoimmunedisease";"tuning"
"#تنحيف_صحي";"#تنحيف_صحي";"tuning"
"#type2diabetesdiet";"#type2diabetesdiet";"tuning"
"#AbbottLingo";"#AbbottLingo";"tuning"
"#VidaComConsciência";"#VidaComConsciência";"tuning"
"#sgfyp";"#sgfyp";"tuning"
"#wegovyupdate";"#wegovyupdate";"tuning"
"#mineimator";"#mineimator";"tuning"
"#tauxdesucre";"#tauxdesucre";"tuning"
"#elonmusk";"#elonmusk";"tuning"
"#holistichealthcoach";"#holistichealthcoach";"tuning"
"#blackdiabetic";"#blackdiabetic";"tuning"
"#Jamaica";"#Jamaica";"tuning"
"#780G";"#780G";"tuning"
"#تشخيص_السكري";"#تشخيص_السكري";"tuning"
"#highbloodpressuretreatment";"#highbloodpressuretreatment";"tuning"
"#82";"#82";"tuning"
"#t2dp";"#t2dp";"tuning"
"#plantbasedhealth";"#plantbasedhealth";"tuning"
"#edits";"#edits";"both"
"#shokoieiri";"#shokoieiri";"tuning"
"#glycémie";"#glycémie";"tuning"
"#typeonediabetes";"#typeonediabetes";"tuning"
"#content";"#content";"tuning"
"#glucoseexcursions";"#glucoseexcursions";"tuning"
"#الجهاز_الهضمي";"#الجهاز_الهضمي";"tuning"
"#type1diabetes";"#type1diabetes";"tuning"
"#jointhealth";"#jointhealth";"tuning"
"#داء_السكري";"#داء_السكري";"tuning"
"#HuluOnDisneyPlus";"#HuluOnDisneyPlus";"tuning"
"#fundraising";"#fundraising";"tuning"
"#HowTo";"#HowTo";"tuning"
"#سكري";"#سكري";"tuning"
"#2025";"#2025";"both"
"#cilantrochicken";"#cilantrochicken";"tuning"
"#tiktokcontenttip";"#tiktokcontenttip";"tuning"
"#bikini";"#bikini";"tuning"
"#conseils_santé";"#conseils_santé";"tuning"
"#caesdiabeticos";"#caesdiabeticos";"tuning"
"#tiktokhealth";"#tiktokhealth";"tuning"
"#loml";"#loml";"tuning"
"#TAS";"#TAS";"tuning"
"#healthcarecosts";"#healthcarecosts";"tuning"
"#typea";"#typea";"tuning"
"#زنجبيل";"#زنجبيل";"tuning"
"#premed";"#premed";"tuning"
"#invincible";"#invincible";"tuning"
"#fastfoodworkers";"#fastfoodworkers";"tuning"
"#نصائح";"#نصائح";"tuning"
"#tiktoktips101";"#tiktoktips101";"tuning"
"#typetwodiabetic";"#typetwodiabetic";"tuning"
"#wholegrains";"#wholegrains";"tuning"
"#highmetabolism";"#highmetabolism";"tuning"
"#أوميغا3_الحقيقي";"#أوميغا3_الحقيقي";"tuning"
"#medstudent";"#medstudent";"tuning"
"#صحة_جسمك";"#صحة_جسمك";"tuning"
"#foodtruck";"#foodtruck";"tuning"
"#theamazingworldofgumball";"#theamazingworldofgumball";"tuning"
"#الكبد_الدهنية";"#الكبد_الدهنية";"tuning"
"#recetasbajasencarbohidratos";"#recetasbajasencarbohidratos";"tuning"
"#hypixel";"#hypixel";"tuning"
"#sad";"#sad";"both"
"#القولون";"#القولون";"tuning"
"#relatable";"#relatable";"both"
"#depression";"#depression";"tuning"
"#BlackHistory";"#BlackHistory";"tuning"
"#فوائد_صحية";"#فوائد_صحية";"tuning"
"#BarbaraONeill";"#BarbaraONeill";"tuning"
"#gastrobypassalternatives";"#gastrobypassalternatives";"tuning"
"#نصائح_صحية";"#نصائح_صحية";"tuning"
"#tiktokpartnera";"#tiktokpartnera";"tuning"
"#بذور_الشيا";"#بذور_الشيا";"tuning"
"#postprandialbloodsugar";"#postprandialbloodsugar";"tuning"
"#تحاليل";"#تحاليل";"tuning"
"#autofagi";"#autofagi";"tuning"
"#type1diabetesp";"#type1diabetesp";"tuning"
"#تونس";"#تونس";"tuning"
"#fastingforbeginners";"#fastingforbeginners";"tuning"
"#boeienddepodcast";"#boeienddepodcast";"tuning"
"#FoodAsMedicine";"#FoodAsMedicine";"tuning"
"#فيتامين_ك";"#فيتامين_ك";"tuning"
"#wlaccount";"#wlaccount";"tuning"
"#DiabetesCommunity";"#DiabetesCommunity";"tuning"
"#CGM";"#CGM";"tuning"
"#shein";"#shein";"tuning"
"#committee";"#committee";"tuning"
"#diabetesnutrition";"#diabetesnutrition";"tuning"
"#t";"#t";"tuning"
"#diabetestype";"#diabetestype";"tuning"
"#vjp";"#vjp";"both"
"#empreendedorismo";"#empreendedorismo";"tuning"
"#tiktokgrowthtips";"#tiktokgrowthtips";"tuning"
"#معلومة_عن_السكري";"#معلومة_عن_السكري";"tuning"
"#petergriffin";"#petergriffin";"tuning"
"#HealthRevolution";"#HealthRevolution";"tuning"
"#p";"#p";"tuning"
"#نضام_غذائي";"#نضام_غذائي";"tuning"
"#تحليل_السكر";"#تحليل_السكر";"tuning"
"#type2diabetese";"#type2diabetese";"tuning"
"#5kfollowers";"#5kfollowers";"tuning"
"#biosensor";"#biosensor";"tuning"
"#bobbyvalentino";"#bobbyvalentino";"tuning"
"#america";"#america";"both"
"#healthymeals";"#healthymeals";"tuning"
"#medicine";"#medicine";"tuning"
"#prediabetesawareness";"#prediabetesawareness";"tuning"
"#وجبات_صحية";"#وجبات_صحية";"tuning"
"#awareness";"#awareness";"tuning"
"#minecraftanimation";"#minecraftanimation";"tuning"
"#puchaina";"#puchaina";"tuning"
"#contentcreator";"#contentcreator";"both"
"#diabetesawarenesstnesstiktok";"#diabetesawarenesstnesstiktok";"tuning"
"#automatedinsulindelivery";"#automatedinsulindelivery";"tuning"
"#تحكم_في_السكري";"#تحكم_في_السكري";"tuning"
"#omnipod";"#omnipod";"tuning"
"#womaninventor";"#womaninventor";"tuning"
"#magnesiumbenefits";"#magnesiumbenefits";"tuning"
"#fasting";"#fasting";"tuning"
"#glucosetest";"#glucosetest";"tuning"
"#TinaFey";"#TinaFey";"tuning"
"#covid19virus";"#covid19virus";"tuning"
"#diabeticcomplications";"#diabeticcomplications";"tuning"
"#movie";"#movie";"both"
"#tiktoktips";"#tiktoktips";"tuning"
"#onemillionstepchallenge";"#onemillionstepchallenge";"tuning"
"#dm2";"#dm2";"tuning"
"#registereddietitiannutritionist";"#registereddietitiannutritionist";"tuning"
"#التراكمي_نزل";"#التراكمي_نزل";"tuning"
"#healthblogger";"#healthblogger";"tuning"
"#minecraft";"#minecraft";"both"
"#diabetescare";"#diabetescare";"tuning"
"#Holisticherbs";"#Holisticherbs";"tuning"
"#SequelTwiist";"#SequelTwiist";"tuning"
"#السمسم";"#السمسم";"tuning"
"#AbdominalObesity";"#AbdominalObesity";"tuning"
"#tiktokmena";"#tiktokmena";"tuning"
"#howtobeattypetwodiabetes";"#howtobeattypetwodiabetes";"tuning"
"#reversehighbloodpressurer";"#reversehighbloodpressurer";"tuning"
"#diabetesreversalspecialist";"#diabetesreversalspecialist";"tuning"
"#فيتامين_B12";"#فيتامين_B12";"tuning"
"#cokezero";"#cokezero";"tuning"
"#resilience";"#resilience";"tuning"
"#دول_الخليج_العربي";"#دول_الخليج_العربي";"tuning"
"#foodismedicine";"#foodismedicine";"tuning"
"#liverdisease";"#liverdisease";"tuning"
"#صحة_الدماغ";"#صحة_الدماغ";"tuning"
"#T1D";"#T1D";"tuning"
"#VietnameseFood";"#VietnameseFood";"tuning"
"#اشعب_اصيني_مال_حال";"#اشعب_اصيني_مال_حال";"tuning"
"#السكري_النوع_الاول";"#السكري_النوع_الاول";"tuning"
"#easter";"#easter";"tuning"
"#movementismedicine";"#movementismedicine";"tuning"
"#breakingnews";"#breakingnews";"both"
"#diabeticos";"#diabeticos";"tuning"
"#خفض_التراكمي";"#خفض_التراكمي";"tuning"
"#diabetest";"#diabetest";"tuning"
"#betteryou";"#betteryou";"tuning"
"#happynewyear";"#happynewyear";"tuning"
"#المغرب_العربي";"#المغرب_العربي";"tuning"
"#دهون_البطن";"#دهون_البطن";"tuning"
"#type1diabetescheck";"#type1diabetescheck";"tuning"
"#نمط_حياة_صحي";"#نمط_حياة_صحي";"tuning"
"#controliq";"#controliq";"tuning"
"#ANW";"#ANW";"tuning"
"#DiabetesSemMedida";"#DiabetesSemMedida";"tuning"
"#baby";"#baby";"both"
"#fastingbenefits";"#fastingbenefits";"tuning"
"#السكري_بلا_دواء";"#السكري_بلا_دواء";"tuning"
"#mississippi";"#mississippi";"tuning"
"#geordieshore";"#geordieshore";"tuning"
"#katiebone";"#katiebone";"tuning"
"#diabeticfriendly";"#diabeticfriendly";"tuning"
"#GlucoseMonitoring";"#GlucoseMonitoring";"tuning"
"#thewonderfullyweirdworldofgumball";"#thewonderfullyweirdworldofgumball";"tuning"
"#surpresasqueensinam";"#surpresasqueensinam";"tuning"
"#mfs";"#mfs";"tuning"
"#glucose";"#glucose";"tuning"
"#jesus";"#jesus";"tuning"
"#وصفات_مجربة";"#وصفات_مجربة";"tuning"
"#xyzbca";"#xyzbca";"both"
"#OnlineBusiness";"#OnlineBusiness";"tuning"
"#PandemicPrevention";"#PandemicPrevention";"tuning"
"#diabetestype2blackwomen";"#diabetestype2blackwomen";"tuning"
"#naturalalternatives";"#naturalalternatives";"tuning"
"#metabolicflexibility";"#metabolicflexibility";"tuning"
"#أخطاء_شائعة";"#أخطاء_شائعة";"tuning"
"#أكل_صحي";"#أكل_صحي";"tuning"
"#السعودية_الكويت_مصر_العراق_لبنان";"#السعودية_الكويت_مصر_العراق_لبنان";"tuning"
"#مريض_السكري";"#مريض_السكري";"tuning"
"#ismailelabassi";"#ismailelabassi";"tuning"
"#الإمارات";"#الإمارات";"tuning"
"#ObesityAwareness";"#ObesityAwareness";"tuning"
"#ImmuneHealth";"#ImmuneHealth";"tuning"
"#tiktokindia";"#tiktokindia";"tuning"
"#vitamine";"#vitamine";"tuning"
"#diabetesuk";"#diabetesuk";"tuning"
"#bloodsugarbalance";"#bloodsugarbalance";"tuning"
"#podcast";"#podcast";"both"
"#insulinresistance";"#insulinresistance";"tuning"
"#DiabeticLife";"#DiabeticLife";"tuning"
"#jordanhill";"#jordanhill";"tuning"
"#insulinpumps";"#insulinpumps";"tuning"
"#work";"#work";"tuning"
"#podcastclips";"#podcastclips";"tuning"
"#inovação";"#inovação";"tuning"
"#rememberwhen";"#rememberwhen";"tuning"
"#dexcomstelo";"#dexcomstelo";"tuning"
"#فوائد_المغنيسيوم";"#فوائد_المغنيسيوم";"tuning"
"#applecidervinegarlemongingerturmericpeppergarlicweightlosstes";"#applecidervinegarlemongingerturmericpeppergarlicweightlosstes";"tuning"
"#tiktokban";"#tiktokban";"tuning"
"#المغرب";"#المغرب";"tuning"
"#t1dlife";"#t1dlife";"tuning"
"#mh";"#mh";"tuning"
"#bloodsugarproblem";"#bloodsugarproblem";"tuning"
"#typeonediabetic";"#typeonediabetic";"tuning"
"#Follow";"#Follow";"tuning"
"#makinghistory";"#makinghistory";"tuning"
"#دكتور_محمد_سعيد";"#دكتور_محمد_سعيد";"tuning"
"#motivation";"#motivation";"both"
"#BestTimeToPost";"#BestTimeToPost";"tuning"
"#voiceover";"#voiceover";"both"
"#DiagnósticoPrecoce";"#DiagnósticoPrecoce";"tuning"
"#diabetesmanagementtips";"#diabetesmanagementtips";"tuning"
"#t1dp";"#t1dp";"tuning"
"#ozempic";"#ozempic";"tuning"
"#diabetescure";"#diabetescure";"tuning"
"#diabetico";"#diabetico";"tuning"
"#testosterone";"#testosterone";"tuning"
"#Diabetes";"#Diabetes";"tuning"
"#Diabetesmanagement";"#Diabetesmanagement";"tuning"
"#VivaSemMedida";"#VivaSemMedida";"tuning"
"#meandbro";"#meandbro";"tuning"
"#controlIQ";"#controlIQ";"tuning"
"#supporteachother";"#supporteachother";"tuning"
"#life";"#life";"both"
"#t2diabetes";"#t2diabetes";"tuning"
"#ladadiabetes";"#ladadiabetes";"tuning"
"#chihuahuas";"#chihuahuas";"tuning"
"#medschool";"#medschool";"tuning"
"#HbA1c";"#HbA1c";"tuning"
"#tombilyeu";"#tombilyeu";"tuning"
"#BibleStory";"#BibleStory";"tuning"
"#type2diabetic";"#type2diabetic";"tuning"
"#tiktokviews";"#tiktokviews";"tuning"
"#mealplan";"#mealplan";"tuning"
"#CapCut";"#CapCut";"both"
"#foryoupage";"#foryoupage";"both"
"#diabetemanagement";"#diabetemanagement";"tuning"
"#مقاومة_الانسولين";"#مقاومة_الانسولين";"tuning"
"#الدهون_الحشوية_وثبات_الوزن";"#الدهون_الحشوية_وثبات_الوزن";"tuning"
"#fastingtiktok";"#fastingtiktok";"tuning"
"#highbp";"#highbp";"tuning"
"#nostalgia";"#nostalgia";"both"
"#seamossbenefits";"#seamossbenefits";"tuning"
"#lowcarbrecipes";"#lowcarbrecipes";"tuning"
"#diabeteslife";"#diabeteslife";"tuning"
"#MentalWellness";"#MentalWellness";"tuning"
"#3netheriteingots";"#3netheriteingots";"tuning"
"#lowcarbdiet";"#lowcarbdiet";"tuning"
"#diabeticlife";"#diabeticlife";"tuning"
"#drfung";"#drfung";"tuning"
"#reversingtype2diabetes";"#reversingtype2diabetes";"tuning"
"#teamedge";"#teamedge";"tuning"
"#الانسولين";"#الانسولين";"tuning"
"#type1diabetic";"#type1diabetic";"tuning"
"#تنميل_الاطراف";"#تنميل_الاطراف";"tuning"
"#diabetesmealideas";"#diabetesmealideas";"tuning"
"#healthylivingtips";"#healthylivingtips";"tuning"
"#keeptiktok";"#keeptiktok";"tuning"
"#reposted";"#reposted";"tuning"
"#SaúdeComPropósito";"#SaúdeComPropósito";"tuning"
"#pvv";"#pvv";"tuning"
"#fenugreekseeds";"#fenugreekseeds";"tuning"
"#preventdiabetes";"#preventdiabetes";"tuning"
"#tiktoktipsandtricks";"#tiktoktipsandtricks";"tuning"
"#فيتامين_D";"#فيتامين_D";"tuning"
"#breakthrout1d";"#breakthrout1d";"tuning"
"#signsofdiabetes";"#signsofdiabetes";"tuning"
"#diabetesdietitian";"#diabetesdietitian";"tuning"
"#minecraftedit";"#minecraftedit";"tuning"
"#DiabetesTech";"#DiabetesTech";"tuning"
"#typeonediabetesawareness";"#typeonediabetesawareness";"tuning"
"#joebiden";"#joebiden";"tuning"
"#miniaturedachshund";"#miniaturedachshund";"tuning"
"#losin20poundssafely";"#losin20poundssafely";"tuning"
"#blackinventor";"#blackinventor";"tuning"
"#كزبرة";"#كزبرة";"tuning"
"#صحة_عامة";"#صحة_عامة";"tuning"
"#bloodsugarcheck";"#bloodsugarcheck";"tuning"
"#dexcom";"#dexcom";"tuning"
"#d";"#d";"tuning"
"#ketodiet";"#ketodiet";"tuning"
"#tiktok";"#tiktok";"both"
"#mentalhealth";"#mentalhealth";"tuning"
"#trendingvideo";"#trendingvideo";"both"
"#xybca";"#xybca";"both"
"#respect";"#respect";"tuning"
"#tandemdiabetes";"#tandemdiabetes";"tuning"
"#highbloodpressure";"#highbloodpressure";"tuning"
"#BlackFamily";"#BlackFamily";"tuning"
"#foryourpage";"#foryourpage";"both"
"#type1life";"#type1life";"tuning"
"#diabetesdrink";"#diabetesdrink";"tuning"
"#رفع_السكر";"#رفع_السكر";"tuning"
"#blueshirtguy";"#blueshirtguy";"tuning"
"#بدون_أدوية";"#بدون_أدوية";"tuning"
"#2k";"#2k";"tuning"
"#newyearsresolution";"#newyearsresolution";"tuning"
"#diabetesawarenessmont";"#diabetesawarenessmont";"tuning"
"#tiktokhowto";"#tiktokhowto";"tuning"
"#liverdetox";"#liverdetox";"tuning"
"#comedy";"#comedy";"both"
"#honest";"#honest";"tuning"
"#middleeastern";"#middleeastern";"tuning"
"#wegovy";"#wegovy";"tuning"
"#fyppppppppppppppppppppppp";"#fyppppppppppppppppppppppp";"both"
"#peoplewithdiabetes";"#peoplewithdiabetes";"tuning"
"#fy";"#fy";"both"
"#t1ddad";"#t1ddad";"tuning"
"#PlantBasedHealing";"#PlantBasedHealing";"tuning"
"#FormigasNoBanheiro";"#FormigasNoBanheiro";"tuning"
"#diabetesdiet";"#diabetesdiet";"tuning"
"#carbusiness";"#carbusiness";"tuning"
"#congress";"#congress";"tuning"
"#bloodsugar";"#bloodsugar";"tuning"
"#recetassaludables";"#recetassaludables";"tuning"
"#2014";"#2014";"tuning"
"#Beatingtypetwodiabetes";"#Beatingtypetwodiabetes";"tuning"
"#btgp";"#btgp";"tuning"
"#معلومة_طبية";"#معلومة_طبية";"tuning"
"#bloodpressuresupport";"#bloodpressuresupport";"tuning"
"#diabète_type2";"#diabète_type2";"tuning"
"#hamptons";"#hamptons";"tuning"
"#Aid";"#Aid";"tuning"
"#may";"#may";"tuning"
"#recipe";"#recipe";"tuning"
"#carsales";"#carsales";"tuning"
"#t1dmama";"#t1dmama";"tuning"
"#wellnessjourney";"#wellnessjourney";"tuning"
"#الدول_العربية";"#الدول_العربية";"tuning"
"#Eversense365";"#Eversense365";"tuning"
"#americandiabetesassociation";"#americandiabetesassociation";"tuning"
"#cutoutsugar";"#cutoutsugar";"tuning"
"#نقص_الوزن";"#نقص_الوزن";"tuning"
"#runlikeagirl";"#runlikeagirl";"tuning"
"#diabetesrelief";"#diabetesrelief";"tuning"
"#الدهون_الثلاثية";"#الدهون_الثلاثية";"tuning"
"#type2diabetesp";"#type2diabetesp";"tuning"
"#bignews";"#bignews";"tuning"
"#milknhoneynutrition";"#milknhoneynutrition";"tuning"
"#jeûne_intermittent";"#jeûne_intermittent";"tuning"
"#fastingfordummies";"#fastingfordummies";"tuning"
"#type2diabetesmanagement";"#type2diabetesmanagement";"tuning"
"#t1dlookslikeme";"#t1dlookslikeme";"tuning"
"#bloodsugarproblems";"#bloodsugarproblems";"tuning"
"#animation";"#animation";"both"
"#السكر_التراكمي";"#السكر_التراكمي";"tuning"
"#GeneralOrder3";"#GeneralOrder3";"tuning"
"#diabetescomplications";"#diabetescomplications";"tuning"
"#losing50poundssafely";"#losing50poundssafely";"tuning"
"#nutritionfacts";"#nutritionfacts";"tuning"
"#epa";"#epa";"tuning"
"#freestylelibresensor";"#freestylelibresensor";"tuning"
"#diabetic";"#diabetic";"tuning"
"#livelife";"#livelife";"tuning"
"#gumballedit";"#gumballedit";"tuning"
"#diabetesnutritionist";"#diabetesnutritionist";"tuning"
"#prediabetesdiet";"#prediabetesdiet";"tuning"
"#قطر";"#قطر";"tuning"
"#GestãoEmpresarial";"#GestãoEmpresarial";"tuning"
"#savetiktok";"#savetiktok";"tuning"
"#DexcomFreestyleLibre";"#DexcomFreestyleLibre";"tuning"
"#القولون_العصبي";"#القولون_العصبي";"tuning"
"#reversingdiabetes";"#reversingdiabetes";"tuning"
"#tiktoknews";"#tiktoknews";"tuning"
"#FinancialFreedom";"#FinancialFreedom";"tuning"
"#shadowbanned";"#shadowbanned";"tuning"
"#holisticherbstoloseweight";"#holisticherbstoloseweight";"tuning"
"#CaldasDaRainha";"#CaldasDaRainha";"tuning"
"#NalaTheAnteater";"#NalaTheAnteater";"tuning"
"#symptoms";"#symptoms";"tuning"
"#omad";"#omad";"tuning"
"#insulinpump";"#insulinpump";"tuning"
"#نظام_كيتو";"#نظام_كيتو";"tuning"
"#caloriecounting";"#caloriecounting";"tuning"
"#momweightlossweightlossjourney";"#momweightlossweightlossjourney";"tuning"
"#حلبة";"#حلبة";"tuning"
"#Faith";"#Faith";"tuning"
"#college";"#college";"tuning"
"#DiabetesPrevention";"#DiabetesPrevention";"tuning"
"#minecraftnostalgia";"#minecraftnostalgia";"tuning"
"#beatingtypetwodiabetes";"#beatingtypetwodiabetes";"tuning"
"#t2d";"#t2d";"tuning"
"#bloodsugarp";"#bloodsugarp";"tuning"
"#portugaltiktok";"#portugaltiktok";"tuning"
"#glucagon";"#glucagon";"tuning"
"#SleepHealth";"#SleepHealth";"tuning"
"#plantbased";"#plantbased";"tuning"
"#4you";"#4you";"tuning"
"#vvd";"#vvd";"tuning"
"#trending";"#trending";"both"
"#nightout";"#nightout";"tuning"
"#تجربتي_مع_السكري";"#تجربتي_مع_السكري";"tuning"
"#chill";"#chill";"tuning"
"#usa_tiktok";"#usa_tiktok";"tuning"
"#adeade699";"#adeade699";"tuning"
"#recipes";"#recipes";"tuning"
"#diabetesnutritionr";"#diabetesnutritionr";"tuning"
"#kuwait";"#kuwait";"tuning"
"#summersolstice";"#summersolstice";"tuning"
"#reversehighbloodpressure";"#reversehighbloodpressure";"tuning"
"#CookingTechniques";"#CookingTechniques";"tuning"
"#lowcarblife";"#lowcarblife";"tuning"
"#glycemie";"#glycemie";"tuning"
"#الوعي_الصحي";"#الوعي_الصحي";"tuning"
"#شفاء_السكري";"#شفاء_السكري";"tuning"
"#potty123";"#potty123";"tuning"
"#eatinghealthyfoodsbelike";"#eatinghealthyfoodsbelike";"tuning"
"#retirementplanning101";"#retirementplanning101";"tuning"
"#TandemMobi";"#TandemMobi";"tuning"
"#blackgirlmagic";"#blackgirlmagic";"tuning"
"#s686";"#s686";"tuning"
"#diabetescontrol";"#diabetescontrol";"tuning"
"#honeycomb";"#honeycomb";"tuning"
"#ad";"#ad";"both"
"#lose20or30pounds";"#lose20or30pounds";"tuning"
"#fastfoodlife";"#fastfoodlife";"tuning"
"#dha";"#dha";"tuning"
"#manfaatpuasa";"#manfaatpuasa";"tuning"
"#reposting";"#reposting";"tuning"
"#elevive";"#elevive";"tuning"
"#Pneumonia";"#Pneumonia";"tuning"
"#reversediabetesnaturally";"#reversediabetesnaturally";"tuning"
"#Greenjuice";"#Greenjuice";"tuning"
"#OnceIMakeMyMove";"#OnceIMakeMyMove";"tuning"
"#momtoktakeover";"#momtoktakeover";"tuning"
"#tiktok_";"#tiktok_";"tuning"
"#TikTokGrowthStrategy";"#TikTokGrowthStrategy";"tuning"
"#sugareliminationchallenge";"#sugareliminationchallenge";"tuning"
"#obesitymedicine";"#obesitymedicine";"tuning"
"#texlamexsoul";"#texlamexsoul";"tuning"
"#glucosemonitoring";"#glucosemonitoring";"tuning"
"#OvercomingObstacles";"#OvercomingObstacles";"tuning"
"#songs";"#songs";"both"
"#JuneteenthExplained";"#JuneteenthExplained";"tuning"
"#IncreaseViews";"#IncreaseViews";"tuning"
"#المغنيسيوم";"#المغنيسيوم";"tuning"
"#LingoCount";"#LingoCount";"tuning"
"#sante";"#sante";"tuning"
"#الكبد";"#الكبد";"tuning"
"#edutok";"#edutok";"tuning"
"#نصائح_لمرضى_السكري";"#نصائح_لمرضى_السكري";"tuning"
"#makemoneyontiktok";"#makemoneyontiktok";"tuning"
"#glocuselowering";"#glocuselowering";"tuning"
"#vickypattison";"#vickypattison";"tuning"
"#caloriedeficit";"#caloriedeficit";"tuning"
"#obesity";"#obesity";"tuning"
"#TikTokHealth";"#TikTokHealth";"tuning"
"#losing30poundssafely";"#losing30poundssafely";"tuning"
"#1";"#1";"tuning"
"#cookingtipsandtricks";"#cookingtipsandtricks";"tuning"
"#FrutosDoNossoTrabalho";"#FrutosDoNossoTrabalho";"tuning"
"#vx";"#vx";"tuning"
"#charity";"#charity";"tuning"
"#BlackFreedomDay";"#BlackFreedomDay";"tuning"
"#بدون_تحليل";"#بدون_تحليل";"tuning"
"#prediabetestreatment";"#prediabetestreatment";"tuning"
"#الكبد_الدهني";"#الكبد_الدهني";"tuning"
"#applecidervinegarlemongingerturmericpeppergarlicweightlosste";"#applecidervinegarlemongingerturmericpeppergarlicweightlosste";"tuning"
"#cardealershiptiktok";"#cardealershiptiktok";"tuning"
"#blackowned";"#blackowned";"tuning"
"#dachshund";"#dachshund";"tuning"
"#f";"#f";"both"
"#GLP1";"#GLP1";"tuning"
"#family";"#family";"both"
"#europe";"#europe";"both"
"#howtogetridoftype2diabetes";"#howtogetridoftype2diabetes";"tuning"
"#howtorollaneggroll";"#howtorollaneggroll";"tuning"
"#fouryoupage";"#fouryoupage";"tuning"
"#Dexcom";"#Dexcom";"tuning"
"#omega3";"#omega3";"tuning"
"#fypppppppppppp";"#fypppppppppppp";"tuning"
"#goviral";"#goviral";"both"
"#t2dm";"#t2dm";"tuning"
"#افحص_السكر";"#افحص_السكر";"tuning"
"#ديتوكس";"#ديتوكس";"tuning"
"#dexter";"#dexter";"tuning"
"#DiabetesTipo2";"#DiabetesTipo2";"tuning"
"#الخليج";"#الخليج";"tuning"
"#love4casssie";"#love4casssie";"tuning"
"#ImmuneSupport";"#ImmuneSupport";"tuning"
"#diabetes2";"#diabetes2";"tuning"
"#impacttheory";"#impacttheory";"tuning"
"#contentcreatortips";"#contentcreatortips";"tuning"
"#بلجيكا";"#بلجيكا";"tuning"
"#gestationaldiabetes";"#gestationaldiabetes";"tuning"
"#InsulinPump";"#InsulinPump";"tuning"
"#mil";"#mil";"tuning"
"#type2";"#type2";"tuning"
"#TonightShow";"#TonightShow";"both"
"#mexico";"#mexico";"tuning"
"#idolboss";"#idolboss";"tuning"
"#mustsharenews";"#mustsharenews";"tuning"
"#bloodpressuremonitor";"#bloodpressuremonitor";"tuning"
"#xyz";"#xyz";"tuning"
"#SocialOrganization";"#SocialOrganization";"tuning"
"#fatburningfoods";"#fatburningfoods";"tuning"
"#diabete";"#diabete";"tuning"
"#opportunity";"#opportunity";"tuning"
"#وصفات_طبيعية";"#وصفات_طبيعية";"tuning"
"#fnaf";"#fnaf";"both"
"#learnontiktok";"#learnontiktok";"both"
"#minimed";"#minimed";"tuning"
"#Empowerment";"#Empowerment";"tuning"
"#metformin";"#metformin";"tuning"
"#Friends";"#Friends";"both"
"#ramennoodles";"#ramennoodles";"tuning"
"#marketing";"#marketing";"both"
"#DiabetesBreakthrough";"#DiabetesBreakthrough";"tuning"
"#prediabetes";"#prediabetes";"tuning"
"#magnesium";"#magnesium";"tuning"
"#تنحيف_البطن";"#تنحيف_البطن";"tuning"
"#weightlosstransformationweightlosscheck";"#weightlosstransformationweightlosscheck";"tuning"
"#جسم_صحي";"#جسم_صحي";"tuning"
"#مكملات_غذائيه";"#مكملات_غذائيه";"tuning"
"#bellpeppers";"#bellpeppers";"tuning"
"#اكل_صحي";"#اكل_صحي";"tuning"
"#SaúdeÉPrioridade";"#SaúdeÉPrioridade";"tuning"
"#weightlosstips";"#weightlosstips";"tuning"
"#chivas";"#chivas";"tuning"
"#NaturalHealing";"#NaturalHealing";"tuning"
"#EmpatiaQueTransforma";"#EmpatiaQueTransforma";"tuning"
"#CookingClass";"#CookingClass";"tuning"
"#bentobox";"#bentobox";"tuning"
"#wsb";"#wsb";"tuning"
"#homersimpson";"#homersimpson";"tuning"
"#setitoff";"#setitoff";"tuning"
"#ushealthcare";"#ushealthcare";"tuning"
"#dm";"#dm";"tuning"
"#diabeticmeals";"#diabeticmeals";"tuning"
"#صحة";"#صحة";"tuning"
"#minecraftedits";"#minecraftedits";"tuning"
"#ketosis";"#ketosis";"tuning"
"#StayMad";"#StayMad";"tuning"
"#fattyliver";"#fattyliver";"tuning"
"#fypppppppppppppp";"#fypppppppppppppp";"both"
"#Preach";"#Preach";"tuning"
"#healthyhabits";"#healthyhabits";"tuning"
"#نقص_الزنك";"#نقص_الزنك";"tuning"
"#plantbasedrecipe";"#plantbasedrecipe";"tuning"
"#choices";"#choices";"tuning"
"#diabetesmanagement";"#diabetesmanagement";"tuning"
"#moneyidolboss";"#moneyidolboss";"tuning"
"#hopelessromantic";"#hopelessromantic";"tuning"
"#atlanta";"#atlanta";"tuning"
"#pcos";"#pcos";"tuning"
"#الامارات";"#الامارات";"tuning"
"#metabolichealth";"#metabolichealth";"tuning"
"#GilaMonster";"#GilaMonster";"tuning"
"#france";"#france";"both"
"#mkt";"#mkt";"tuning"
"#صحة_وجمال";"#صحة_وجمال";"tuning"
"#مغنزيوم";"#مغنزيوم";"tuning"
"#t1d";"#t1d";"tuning"
"#insulindependent";"#insulindependent";"tuning"
"#Wellness";"#Wellness";"tuning"
"#smallcontentcreator";"#smallcontentcreator";"tuning"
"#metformina";"#metformina";"tuning"
"#t1dcure";"#t1dcure";"tuning"
"#alsicebucketchallenge";"#alsicebucketchallenge";"tuning"
"#hematology";"#hematology";"tuning"
"#prediabetesreversal";"#prediabetesreversal";"tuning"
"#WellnessWalks";"#WellnessWalks";"tuning"
"#DiabetesResearch";"#DiabetesResearch";"tuning"
"#repost";"#repost";"both"
"#type2diabetesmealideas";"#type2diabetesmealideas";"tuning"
"#BreakthroughT1DUK";"#BreakthroughT1DUK";"tuning"
"#صحة_السكر";"#صحة_السكر";"tuning"
"#blueberries";"#blueberries";"tuning"
"#HowToGrowOnTikTok";"#HowToGrowOnTikTok";"tuning"
"#صحة_العرب";"#صحة_العرب";"tuning"
"#EarnFromHome";"#EarnFromHome";"tuning"
"#ديتوكس_طبيعي";"#ديتوكس_طبيعي";"tuning"
"#studytok";"#studytok";"tuning"
"#greenscreen";"#greenscreen";"tuning"
"#movicon";"#movicon";"tuning"
"#fatloss";"#fatloss";"tuning"
"#صحتك_تهمنا";"#صحتك_تهمنا";"tuning"
"#diabetestipo1";"#diabetestipo1";"tuning"
"#ControliqPlus";"#ControliqPlus";"tuning"
"#drjedha";"#drjedha";"tuning"
"#travel";"#travel";"both"
"#الكوليسترول";"#الكوليسترول";"tuning"
"#holisticmedicine";"#holisticmedicine";"tuning"
"#sigma";"#sigma";"tuning"
"#تمارين_رياضية";"#تمارين_رياضية";"tuning"
"#retailproblems";"#retailproblems";"tuning"
"#وجبات_مناسبة_للسكري";"#وجبات_مناسبة_للسكري";"tuning"
"#wheyprotein";"#wheyprotein";"tuning"
"#selflove";"#selflove";"tuning"
"#kale";"#kale";"tuning"
"#videoviral";"#videoviral";"both"
"#reversetype2diabetes";"#reversetype2diabetes";"tuning"
"#pregnancy";"#pregnancy";"tuning"
"#foh";"#foh";"tuning"
"#مغربي";"#مغربي";"tuning"
"#نقص_الفيتامينات";"#نقص_الفيتامينات";"tuning"
"#القرفة";"#القرفة";"tuning"
"#conseilsante";"#conseilsante";"tuning"
"#pearlmania500";"#pearlmania500";"tuning"
"#دهون_الكبد";"#دهون_الكبد";"tuning"
"#ألمانيا";"#ألمانيا";"tuning"
"#bodycam";"#bodycam";"tuning"
"#momtok";"#momtok";"both"
"#teamwork";"#teamwork";"tuning"
"#jamaica";"#jamaica";"both"
"#healthyagingtips";"#healthyagingtips";"tuning"
"#plantpower";"#plantpower";"tuning"
"#edit";"#edit";"both"
"#supplements";"#supplements";"tuning"
"#Diabetes180";"#Diabetes180";"tuning"
"#dlaciebie";"#dlaciebie";"tuning"
"#ai";"#ai";"both"
"#الصيام_يشفي";"#الصيام_يشفي";"tuning"
"#mealideas";"#mealideas";"tuning"
"#countingcalories";"#countingcalories";"tuning"
"#viewsontiktok";"#viewsontiktok";"tuning"
"#kids";"#kids";"tuning"
"#comedia";"#comedia";"tuning"
"#accesstocare";"#accesstocare";"tuning"
"#bcomplexvitamins";"#bcomplexvitamins";"tuning"
"#unhealthyrelationshipsbelike";"#unhealthyrelationshipsbelike";"tuning"
"#friedeggrolls";"#friedeggrolls";"tuning"
"#diabetessaludable";"#diabetessaludable";"tuning"
"#NikkiGlaser";"#NikkiGlaser";"tuning"
"#asianfood";"#asianfood";"tuning"
"#caloriedeficitmeals";"#caloriedeficitmeals";"tuning"
"#health";"#health";"tuning"
"#FYP";"#FYP";"both"
"#lookafteryourself";"#lookafteryourself";"tuning"
"#kidsproduct";"#kidsproduct";"tuning"
"#unitedkingdom";"#unitedkingdom";"both"
"#puasaramadhan";"#puasaramadhan";"tuning"
"#danceifyou";"#danceifyou";"tuning"
"#apitiktokD";"#apitiktokD";"tuning"
"#Mitochondria";"#Mitochondria";"tuning"
"#كيتو";"#كيتو";"tuning"
"#الوزن_الزائد";"#الوزن_الزائد";"tuning"
"#highbloodsugar";"#highbloodsugar";"tuning"
"#fibre";"#fibre";"tuning"
"#وصفة_للريجيم";"#وصفة_للريجيم";"tuning"
"#roadto10k";"#roadto10k";"tuning"
"#omnipod5";"#omnipod5";"tuning"
"#preventivemedicine";"#preventivemedicine";"tuning"
"#jdrf";"#jdrf";"tuning"
"#loveislandusa";"#loveislandusa";"both"
"#liderançacolaborativa";"#liderançacolaborativa";"tuning"
"#فرنسا";"#فرنسا";"tuning"
"#diabetesremission";"#diabetesremission";"tuning"
"#dietcoke";"#dietcoke";"tuning"
"#stolenfoodtruck";"#stolenfoodtruck";"tuning"
"#nycmarathon";"#nycmarathon";"tuning"
"#التعب_المزمن";"#التعب_المزمن";"tuning"
"#women";"#women";"tuning"
"#ninja";"#ninja";"tuning"
"#nutritionlabels";"#nutritionlabels";"tuning"
"#سكر_الدم";"#سكر_الدم";"tuning"
"#طب_الاعشاب";"#طب_الاعشاب";"tuning"
"#libre3plus";"#libre3plus";"tuning"
"#MoneyMakingTips";"#MoneyMakingTips";"tuning"
"#patrick";"#patrick";"tuning"
"#أعشاب_ضارة";"#أعشاب_ضارة";"tuning"
"#CrescimentoConstante";"#CrescimentoConstante";"tuning"
"#LungSupport";"#LungSupport";"tuning"
"#roblox";"#roblox";"both"
"#diabetessucks";"#diabetessucks";"tuning"
"#insulinresistancediet";"#insulinresistancediet";"tuning"
"#plantbaseddiet";"#plantbaseddiet";"tuning"
"#الزنك";"#الزنك";"tuning"
"#fastfoodcustomers";"#fastfoodcustomers";"tuning"
"#2015";"#2015";"tuning"
"#livingwithdiabetes";"#livingwithdiabetes";"tuning"
"#glucoselowering";"#glucoselowering";"tuning"
"#diabetestype2meals";"#diabetestype2meals";"tuning"
"#carribeantiktok";"#carribeantiktok";"tuning"
"#fatigue";"#fatigue";"tuning"
"#liverhealth";"#liverhealth";"tuning"
"#repashealthy";"#repashealthy";"tuning"
"#lowerbloodsugar";"#lowerbloodsugar";"tuning"
"#WWWOG";"#WWWOG";"tuning"
"#tiktokshop";"#tiktokshop";"tuning"
"#viralvideos";"#viralvideos";"both"
"#MarketingCriativo";"#MarketingCriativo";"tuning"
"#song";"#song";"both"
"#medicaltiktok";"#medicaltiktok";"tuning"
"#MentalHealthMatters";"#MentalHealthMatters";"tuning"
"#hyperinsulinemia";"#hyperinsulinemia";"tuning"
"#insulina";"#insulina";"tuning"
"#chagio";"#chagio";"tuning"
"#نصائح_طبية";"#نصائح_طبية";"tuning"
"#voiceimpression";"#voiceimpression";"tuning"
"#مشروب";"#مشروب";"tuning"
"#تراكمي";"#تراكمي";"tuning"
"#diabeticproblems";"#diabeticproblems";"tuning"
"#AmyPoehler";"#AmyPoehler";"tuning"
"#healthlifestyle";"#healthlifestyle";"tuning"
"#ramen";"#ramen";"tuning"
"#diabeteswarrior";"#diabeteswarrior";"tuning"
"#familyguy";"#familyguy";"both"
"#overcomingobesity";"#overcomingobesity";"tuning"
"#fypageシ";"#fypageシ";"tuning"
"#spoiled";"#spoiled";"both"
"#diabetesmeal";"#diabetesmeal";"tuning"
"#nursesoftiktok";"#nursesoftiktok";"tuning"
"#lose10poundsinaweek";"#lose10poundsinaweek";"tuning"
"#job";"#job";"tuning"
"#saludable";"#saludable";"tuning"
"#مناعة";"#مناعة";"tuning"
"#wellness";"#wellness";"tuning"
"#type2diabetestreatment";"#type2diabetestreatment";"tuning"
"#معلومة_صحية";"#معلومة_صحية";"tuning"
"#insulin";"#insulin";"tuning"
"#المكملات_الغذائية";"#المكملات_الغذائية";"tuning"
"#mealprepideas";"#mealprepideas";"tuning"
"#صحة_الكبد";"#صحة_الكبد";"tuning"
"#antiinflammatoryfood";"#antiinflammatoryfood";"tuning"
"#LateNightTikTok";"#LateNightTikTok";"tuning"
"#makingmoneyonline";"#makingmoneyonline";"tuning"
"#typeb";"#typeb";"tuning"
"#ibc";"#ibc";"tuning"
"#jamaicantiktok";"#jamaicantiktok";"tuning"
"#iwanttogoviral";"#iwanttogoviral";"tuning"
"#2023";"#2023";"tuning"
"#childhood";"#childhood";"tuning"
"#comida";"#comida";"tuning"
"#تنحيف";"#تنحيف";"tuning"
"#cruisewithus";"#cruisewithus";"tuning"
"#veganrecipes";"#veganrecipes";"tuning"
"#corecore";"#corecore";"both"
"#الكويت";"#الكويت";"tuning"
"#sugarelimination";"#sugarelimination";"tuning"
"#bloodglucoselevels";"#bloodglucoselevels";"tuning"
"#dexcomg7";"#dexcomg7";"tuning"
"#milknhoneynutritiona";"#milknhoneynutritiona";"tuning"
"#SoluçõesInovadoras";"#SoluçõesInovadoras";"tuning"
"#lowcarb";"#lowcarb";"tuning"
"#ParceriasFortes";"#ParceriasFortes";"tuning"
"#popularmmosarrested";"#popularmmosarrested";"tuning"
"#real";"#real";"both"
"#metabolicsyndrome";"#metabolicsyndrome";"tuning"
"#علاج_السكري_بدون_ادوية";"#علاج_السكري_بدون_ادوية";"tuning"
"#type1";"#type1";"tuning"
"#type2diabetesremission";"#type2diabetesremission";"tuning"
"#guthealthtips";"#guthealthtips";"tuning"
"#jamaicatiktoker";"#jamaicatiktoker";"tuning"
"#anteatertiktok";"#anteatertiktok";"tuning"
"#denk";"#denk";"both"
"#انقاص_الوزن";"#انقاص_الوزن";"tuning"
"#معلومة_مهمة";"#معلومة_مهمة";"tuning"
"#politie";"#politie";"both"
"#mindset";"#mindset";"both"
"#marketingdeverdade";"#marketingdeverdade";"tuning"
"#controldiabetes";"#controldiabetes";"tuning"
"#ريجيم_صحي";"#ريجيم_صحي";"tuning"
"#valordaequipe";"#valordaequipe";"tuning"
"#maskmvn";"#maskmvn";"tuning"
"#Tatcha";"#Tatcha";"both"
"#nutritionist";"#nutritionist";"tuning"
"#الفاكهة";"#الفاكهة";"tuning"
"#trendingsound";"#trendingsound";"tuning"
"#roadto1k";"#roadto1k";"tuning"
"#priorities";"#priorities";"tuning"
"#womenliftweights";"#womenliftweights";"tuning"
"#uk";"#uk";"tuning"
"#howtoreversetypetwodiabetes";"#howtoreversetypetwodiabetes";"tuning"
"#type2diabetesprevention";"#type2diabetesprevention";"tuning"
"#wakame";"#wakame";"tuning"
"#ketones";"#ketones";"tuning"
"#blood";"#blood";"tuning"
"#eatinghealthy";"#eatinghealthy";"tuning"
"#bloodsugarspike";"#bloodsugarspike";"tuning"
"#motavation";"#motavation";"tuning"
"#نوم_صحي";"#نوم_صحي";"tuning"
"#مرض_السكري";"#مرض_السكري";"tuning"
"#Community";"#Community";"tuning"
"#الصحة";"#الصحة";"tuning"
"#arthritispainrelief";"#arthritispainrelief";"tuning"
"#Eggrolls";"#Eggrolls";"tuning"
"#type2diabetesrecipes";"#type2diabetesrecipes";"tuning"
"#زيادة_الوزن_بطريقة_صحية";"#زيادة_الوزن_بطريقة_صحية";"tuning"
"#diabetessemmedida";"#diabetessemmedida";"tuning"
"#wise";"#wise";"tuning"
"#wilders";"#wilders";"tuning"
"#diabetesgar";"#diabetesgar";"tuning"
"#DiabetesTipo1";"#DiabetesTipo1";"tuning"
"#juneteenth";"#juneteenth";"tuning"
"#parody";"#parody";"tuning"
"#internetcensorship";"#internetcensorship";"tuning"
"#mealprep";"#mealprep";"tuning"
"#viral";"#viral";"both"
"#historytour";"#historytour";"tuning"
"#WeightLossHacks";"#WeightLossHacks";"tuning"
"#diabeticwarrior";"#diabeticwarrior";"tuning"
"#diabetesmellitus";"#diabetesmellitus";"tuning"
"#ipadnotes";"#ipadnotes";"tuning"
"#glucosespike";"#glucosespike";"tuning"
"#conversation";"#conversation";"tuning"
"#PlantBased";"#PlantBased";"tuning"
"#RespiratoryHealth";"#RespiratoryHealth";"tuning"
"#tiktok_viral";"#tiktok_viral";"tuning"
"#ymcamontebellocaliforni";"#ymcamontebellocaliforni";"tuning"
"#Equality";"#Equality";"tuning"
"#فيتامين_د";"#فيتامين_د";"tuning"
"#santé";"#santé";"tuning"
"#holistichealingtiktok";"#holistichealingtiktok";"tuning"
"#dontbeused";"#dontbeused";"tuning"
"#chihuahuastiktok";"#chihuahuastiktok";"tuning"
"#pegida";"#pegida";"tuning"
"#addysdiabetesreview";"#addysdiabetesreview";"tuning"
"#markwarner";"#markwarner";"tuning"
"#activeconversation";"#activeconversation";"tuning"
"#fypage";"#fypage";"both"
"#anime";"#anime";"both"
"#invinciblecomic";"#invinciblecomic";"tuning"
"#cancer";"#cancer";"tuning"
"#Vertex";"#Vertex";"tuning"
"#tiktoktutorials";"#tiktoktutorials";"tuning"
"#twitchclips";"#twitchclips";"tuning"
"#techliteracy";"#techliteracy";"tuning"
"#worlddiabetesday";"#worlddiabetesday";"tuning"
"#jammable";"#jammable";"tuning"
"#extendedbolus";"#extendedbolus";"tuning"
"#drjasonfung";"#drjasonfung";"tuning"
"#régime_sans_sucre";"#régime_sans_sucre";"tuning"
"#usa";"#usa";"both"
"#foodtechniques";"#foodtechniques";"tuning"
"#FreeStyleLibre2Plus";"#FreeStyleLibre2Plus";"tuning"
"#Manchester";"#Manchester";"tuning"
"#foodstoavoid";"#foodstoavoid";"tuning"
"#type2diabetest";"#type2diabetest";"tuning"
"#FallonTonight";"#FallonTonight";"both"
"#wl";"#wl";"tuning"
"#chiarababy";"#chiarababy";"tuning"
"#قصص_ملهمة";"#قصص_ملهمة";"tuning"
"#diabetetype2";"#diabetetype2";"tuning"
"#win";"#win";"tuning"