id,node,origin
#lvmen,#lvmen,tuning
#polska,#polska,tuning
#walterwhite,#walterwhite,tuning
#summerfits,#summerfits,tuning
#streetfood,#streetfood,both
#audirs3,#audirs3,browsing
#princessdiana,#princessdiana,tuning
#twingo1,#twingo1,tuning
#happy,#happy,browsing
#fails,#fails,browsing
#backpack,#backpack,tuning
#aroundtheworld,#aroundtheworld,tuning
#nederlandsememes,#nederlandsememes,browsing
#horseriding,#horseriding,browsing
#voiceeffects,#voiceeffects,tuning
#porsche992,#porsche992,tuning
#pourtoiiii,#pourtoiiii,tuning
#puzzle,#puzzle,tuning
#ballet,#ballet,browsing
#easyrecipes,#easyrecipes,browsing
#friendshipgoals,#friendshipgoals,tuning
#cats,#cats,browsing
#الرياض,#الرياض,tuning
#stripes,#stripes,tuning
#funnytravel,#funnytravel,tuning
#finneas,#finneas,browsing
#chauffeuse,#chauffeuse,browsing
#ankara,#ankara,tuning
#dateupdate,#dateupdate,browsing
#ernte,#ernte,tuning
#f1,#f1,browsing
#dupeparfum,#dupeparfum,browsing
#theo,#theo,browsing
#business,#business,tuning
#fly,#fly,browsing
#gregoryhouse,#gregoryhouse,browsing
#vayxinhnhenhang,#vayxinhnhenhang,browsing
#ruzaprenevestu,#ruzaprenevestu,browsing
#riyadhseason,#riyadhseason,tuning
#80er,#80er,tuning
#innit,#innit,browsing
#tickets,#tickets,browsing
#vavo,#vavo,browsing
#lightspring,#lightspring,tuning
#haircolor,#haircolor,tuning
#zip,#zip,browsing
#lonely,#lonely,browsing
#werecoloranalysts,#werecoloranalysts,tuning
#Trending,#Trending,browsing
#medicalschool,#medicalschool,browsing
#philippines,#philippines,tuning
#sidequest,#sidequest,both
#wanderlustdeutschland,#wanderlustdeutschland,tuning
#billieeilishedits,#billieeilishedits,tuning
#citytourmakkah,#citytourmakkah,tuning
#ferret,#ferret,browsing
#gametok,#gametok,tuning
#aibaby,#aibaby,browsing
#brawlpower,#brawlpower,tuning
#lyrics,#lyrics,browsing
#chefliang,#chefliang,browsing
#sixsevenn,#sixsevenn,browsing
#african,#african,browsing
#city,#city,tuning
#entrepreneur,#entrepreneur,browsing
#streetstyleblogger,#streetstyleblogger,tuning
#lyrics_songs,#lyrics_songs,tuning
#fyyyyyyyyyyyyyyyy,#fyyyyyyyyyyyyyyyy,browsing
#love,#love,both
#runningcommunity,#runningcommunity,browsing
#cords,#cords,browsing
#streetstyleinspo,#streetstyleinspo,tuning
#maktabvip111,#maktabvip111,tuning
#firenze,#firenze,browsing
#workwearstyle,#workwearstyle,tuning
#antoniagentry,#antoniagentry,browsing
#ringdoorbell,#ringdoorbell,browsing
#MapTransformation,#MapTransformation,browsing
#egyptiandesigner,#egyptiandesigner,tuning
#solobackpackers,#solobackpackers,tuning
#runnergirl,#runnergirl,browsing
#healthcare,#healthcare,browsing
#winter,#winter,tuning
#lifeinamsterdam,#lifeinamsterdam,browsing
#fyy,#fyy,browsing
#landwirtschaft,#landwirtschaft,tuning
#netherands,#netherands,browsing
#pasta,#pasta,browsing
#punten,#punten,tuning
#mostwanted,#mostwanted,browsing
#y2kfashion,#y2kfashion,browsing
#permanentjewelrymass,#permanentjewelrymass,tuning
#992gt3,#992gt3,tuning
#WWWSummerHouse,#WWWSummerHouse,tuning
#efteling,#efteling,browsing
#reletable,#reletable,browsing
#trendyoutfits,#trendyoutfits,tuning
#minidress,#minidress,tuning
#robotclean,#robotclean,browsing
#denguefever,#denguefever,tuning
#CambodiaCulture,#CambodiaCulture,tuning
#lorealparis,#lorealparis,tuning
#blowthisup,#blowthisup,browsing
#robotvaccum,#robotvaccum,browsing
#odlrprefall2025,#odlrprefall2025,tuning
#funnytiktok,#funnytiktok,browsing
#budgettravel,#budgettravel,tuning
#christmaspast,#christmaspast,tuning
#touringcar,#touringcar,browsing
#swear,#swear,browsing
#instagram,#instagram,browsing
#Olympics,#Olympics,tuning
#gossipgirl,#gossipgirl,tuning
#christmasoutfit,#christmasoutfit,tuning
#exolorebalj,#exolorebalj,tuning
#holland,#holland,browsing
#mijnkind,#mijnkind,browsing
#coke,#coke,browsing
#gnarly,#gnarly,tuning
#niche,#niche,browsing
#baconavacado,#baconavacado,browsing
#karlsruheinsider,#karlsruheinsider,tuning
#lostrecords,#lostrecords,tuning
#eufy,#eufy,browsing
#ranking,#ranking,tuning
#austriangp,#austriangp,browsing
#acshadows,#acshadows,tuning
#veo3,#veo3,browsing
#mercedesc350,#mercedesc350,browsing
#applewatchstrap,#applewatchstrap,tuning
#boringcity,#boringcity,browsing
#outfitcheck,#outfitcheck,tuning
#womensbasketball,#womensbasketball,browsing
#styleideasdaily,#styleideasdaily,tuning
#zipline,#zipline,tuning
#armywife,#armywife,browsing
#surfing,#surfing,tuning
#summer,#summer,both
#rubatursun,#rubatursun,tuning
#myall,#myall,browsing
#nazazy,#nazazy,tuning
#bigfriendgroup,#bigfriendgroup,browsing
#colleagues,#colleagues,browsing
#koninklijkhuis,#koninklijkhuis,browsing
#pietrolombardi,#pietrolombardi,tuning
#KSC,#KSC,tuning
#europa,#europa,browsing
#albania,#albania,tuning
#summerlooks,#summerlooks,tuning
#namelogodesign,#namelogodesign,browsing
#holidayvibes,#holidayvibes,tuning
#huda,#huda,browsing
#friends,#friends,both
#vr,#vr,tuning
#jesussaves,#jesussaves,browsing
#santini,#santini,browsing
#obx4,#obx4,tuning
#moorea,#moorea,tuning
#Cartography,#Cartography,browsing
#relaxing,#relaxing,browsing
#ouderenzorg,#ouderenzorg,browsing
#nato,#nato,browsing
#DezeNamenKlopt,#DezeNamenKlopt,browsing
#palesemyvedioviral,#palesemyvedioviral,browsing
#operationjoy2022,#operationjoy2022,tuning
#logos,#logos,browsing
#cupstacking,#cupstacking,browsing
#dailystyle,#dailystyle,tuning
#makeusfamous,#makeusfamous,browsing
#capcut,#capcut,browsing
#art,#art,both
#puzzlegame,#puzzlegame,tuning
#Informative,#Informative,browsing
#roleplay,#roleplay,browsing
#missmejeans,#missmejeans,browsing
#summeroutfits,#summeroutfits,tuning
#dresses,#dresses,tuning
#spongebob,#spongebob,browsing
#erfolg,#erfolg,tuning
#fypnl,#fypnl,browsing
#gamingmeme,#gamingmeme,tuning
#diyhair,#diyhair,tuning
#whattoplay,#whattoplay,tuning
#erfolgsmindset,#erfolgsmindset,tuning
#newyorkstrip,#newyorkstrip,browsing
#lawroach,#lawroach,tuning
#forgotfreedrinks,#forgotfreedrinks,browsing
#gamer,#gamer,tuning
#outfitinspo2023,#outfitinspo2023,tuning
#coordset,#coordset,tuning
#universalstudios,#universalstudios,tuning
#dud,#dud,browsing
#pharrell,#pharrell,tuning
#DailyQuiz,#DailyQuiz,browsing
#sale,#sale,tuning
#top,#top,tuning
#parties,#parties,browsing
#Madrid2025,#Madrid2025,browsing
#vrachtwagenchauffeur,#vrachtwagenchauffeur,browsing
#metaquest,#metaquest,tuning
#britian,#britian,browsing
#prompt,#prompt,browsing
#podcasts,#podcasts,browsing
#prettylittlebaby,#prettylittlebaby,tuning
#випуск2025,#випуск2025,browsing
#funnygaming,#funnygaming,tuning
#modellengezocht,#modellengezocht,browsing
#socialcreditsystem,#socialcreditsystem,tuning
#GeoEdits,#GeoEdits,browsing
#oculus,#oculus,tuning
#robinsonnoonu,#robinsonnoonu,browsing
#unitedstates,#unitedstates,browsing
#words,#words,browsing
#funny,#funny,both
#begravenis,#begravenis,browsing
#nursingstudent,#nursingstudent,browsing
#virtualrealitygames,#virtualrealitygames,tuning
#catlover,#catlover,browsing
#Dolfinarium,#Dolfinarium,browsing
#lesbian,#lesbian,browsing
#kscmeineheimat,#kscmeineheimat,tuning
#flodder,#flodder,browsing
#ps5games,#ps5games,tuning
#sz_template,#sz_template,browsing
#kalogerassisters,#kalogerassisters,browsing
#fruitcutting,#fruitcutting,browsing
#eyes,#eyes,browsing
#nohuzz,#nohuzz,browsing
#britisharmy,#britisharmy,browsing
#demimoore,#demimoore,tuning
#makethisviral,#makethisviral,browsing
#short,#short,tuning
#meme,#meme,both
#bestie,#bestie,browsing
#politics,#politics,browsing
#Sylvie,#Sylvie,tuning
#travelhajijakarta,#travelhajijakarta,tuning
#99problems1solution,#99problems1solution,browsing
#kontrakfanpage,#kontrakfanpage,tuning
#royal,#royal,browsing
#povseries,#povseries,browsing
#ml,#ml,browsing
#krefeld,#krefeld,tuning
#celinedion,#celinedion,tuning
#thundermans,#thundermans,browsing
#miniso,#miniso,browsing
#trump,#trump,browsing
#squidgames,#squidgames,browsing
#hawthorn,#hawthorn,browsing
#مصر,#مصر,tuning
#vaksinmaningitis,#vaksinmaningitis,tuning
#tirzaontour,#tirzaontour,browsing
#bucket,#bucket,browsing
#shark,#shark,browsing
#levenopwielen,#levenopwielen,browsing
#throwback,#throwback,tuning
#tuffjabi,#tuffjabi,browsing
#VAVO,#VAVO,browsing
#かわいい子,#かわいい子,tuning
#wyattissues,#wyattissues,browsing
#helicopter,#helicopter,browsing
#MapLover,#MapLover,browsing
#nusalembongan,#nusalembongan,tuning
#CormacBuchanan,#CormacBuchanan,browsing
#outfit,#outfit,tuning
#map,#map,browsing
#elenabuenavida,#elenabuenavida,browsing
#summerasthetic,#summerasthetic,tuning
#speed,#speed,browsing
#MemeCut,#MemeCut,browsing
#casting,#casting,browsing
#accouchement,#accouchement,browsing
#kibbetype,#kibbetype,tuning
#poguelandia,#poguelandia,tuning
#lash,#lash,browsing
#dutchdashcam,#dutchdashcam,browsing
#foryouu,#foryouu,both
#dnatest,#dnatest,browsing
#spain,#spain,browsing
#karlsruhersportclub,#karlsruhersportclub,tuning
#narasmith,#narasmith,tuning
#christiantiktok,#christiantiktok,tuning
#bluetooth,#bluetooth,browsing
#TKMaxxTalentShow,#TKMaxxTalentShow,tuning
#benjijalfanvanmelenden,#benjijalfanvanmelenden,browsing
#aurafarming,#aurafarming,browsing
#onderweg,#onderweg,browsing
#hairtok,#hairtok,both
#amalia,#amalia,browsing
#coloranslysis,#coloranslysis,tuning
#dmusininstagramfororder,#dmusininstagramfororder,tuning
#libero,#libero,browsing
#baliindonesia,#baliindonesia,tuning
#rouandyt,#rouandyt,browsing
#chanelcruise2023,#chanelcruise2023,tuning
#gamers,#gamers,tuning
#clockitai,#clockitai,browsing
#karlsruhe,#karlsruhe,tuning
#strangerthings,#strangerthings,browsing
#koningshuis,#koningshuis,both
#serpentinegallery,#serpentinegallery,tuning
#happythanksgiving,#happythanksgiving,tuning
#hajikhusus2025,#hajikhusus2025,tuning
#bucketlist,#bucketlist,tuning
#jesuslovesyou,#jesuslovesyou,browsing
#god,#god,browsing
#Zalando,#Zalando,tuning
#nepal,#nepal,tuning
#sydneysweeney,#sydneysweeney,tuning
#traveling,#traveling,tuning
#nailtransition,#nailtransition,browsing
#ootd,#ootd,tuning
#oscarpiastri,#oscarpiastri,browsing
#australia,#australia,tuning
#lunablaise,#lunablaise,tuning
#secret_acount,#secret_acount,browsing
#tanken,#tanken,browsing
#TravelIndonesia,#TravelIndonesia,tuning
#mountbatur,#mountbatur,tuning
#houstonfade,#houstonfade,browsing
#koreatravel,#koreatravel,tuning
#pourtoi,#pourtoi,tuning
#miles,#miles,browsing
#boiii,#boiii,browsing
#chickenorbeef,#chickenorbeef,tuning
#drawing,#drawing,browsing
#ww3,#ww3,browsing
#dance,#dance,browsing
#darkschoolmornings,#darkschoolmornings,browsing
#gymhumor,#gymhumor,both
#gamingtrend,#gamingtrend,tuning
#porschegt3,#porschegt3,tuning
#toonblast,#toonblast,tuning
#blackmoms,#blackmoms,tuning
#namelogo,#namelogo,browsing
#world,#world,browsing
#lifesabeachcamps,#lifesabeachcamps,browsing
#games,#games,tuning
#aircon,#aircon,browsing
#GymTok,#GymTok,browsing
#MindsetIstAlles,#MindsetIstAlles,tuning
#turki,#turki,tuning
#alkmaar,#alkmaar,browsing
#pending,#pending,browsing
#drawingforkids,#drawingforkids,browsing
#respectwomen,#respectwomen,browsing
#fypシ,#fypシ,both
#bf,#bf,browsing
#poetry,#poetry,tuning
#LilyAllen,#LilyAllen,tuning
#drinken,#drinken,browsing
#skills,#skills,browsing
#chinabestcountry,#chinabestcountry,tuning
#turkish,#turkish,tuning
#pioneertemplate,#pioneertemplate,browsing
#travelgermany,#travelgermany,tuning
#bikelife,#bikelife,browsing
#southfremantle,#southfremantle,tuning
#billieeilishfans,#billieeilishfans,browsing
#nealkennedy,#nealkennedy,browsing
#nursing,#nursing,browsing
#renaultwingo,#renaultwingo,tuning
#workingholiday,#workingholiday,tuning
#raceday,#raceday,browsing
#healthcareworker,#healthcareworker,browsing
#christianlouboutin,#christianlouboutin,tuning
#crosscountry,#crosscountry,browsing
#shoes,#shoes,browsing
#carpfishing,#carpfishing,browsing
#rapids,#rapids,tuning
#outfitideas,#outfitideas,both
#strawberries,#strawberries,browsing
#islamicreminder,#islamicreminder,browsing
#mercedesbenz,#mercedesbenz,browsing
#jumbobathmen,#jumbobathmen,browsing
#reels,#reels,both
#avarelat3s,#avarelat3s,browsing
#bridalgown,#bridalgown,tuning
#porsche,#porsche,tuning
#japantravel,#japantravel,tuning
#social,#social,tuning
#pokemontiktok,#pokemontiktok,browsing
#alexia,#alexia,browsing
#rat,#rat,browsing
#narasmithrecipe,#narasmithrecipe,tuning
#lovestory,#lovestory,tuning
#italianbrainrot,#italianbrainrot,tuning
#Mapping,#Mapping,browsing
#grow,#grow,browsing
#sanur,#sanur,tuning
#sportstiktok,#sportstiktok,browsing
#wörthersee,#wörthersee,tuning
#concert,#concert,browsing
#EmilyInParis,#EmilyInParis,tuning
#graduating,#graduating,browsing
#peugeot308gt,#peugeot308gt,browsing
#gymproblems,#gymproblems,browsing
#yagirlgabby_,#yagirlgabby_,browsing
#komodoislands,#komodoislands,tuning
#brightwinter,#brightwinter,tuning
#dagbesteding,#dagbesteding,browsing
#chinasocialcredit,#chinasocialcredit,tuning
#battlefront2,#battlefront2,browsing
#runningmotivation,#runningmotivation,browsing
#vrgaming,#vrgaming,tuning
#hairstyle,#hairstyle,both
#goodvibes,#goodvibes,browsing
#manoftheyear,#manoftheyear,browsing
#achtsamkeitleben,#achtsamkeitleben,tuning
#musica,#musica,browsing
#nike,#nike,tuning
#haast,#haast,browsing
#learning,#learning,browsing
#selfimprovement,#selfimprovement,browsing
#horrortok,#horrortok,both
#gym,#gym,browsing
#thailand,#thailand,tuning
#sidemen,#sidemen,both
#styletips,#styletips,tuning
#classicoutfit,#classicoutfit,tuning
#seoulkorea,#seoulkorea,tuning
#beachvibes,#beachvibes,tuning
#onepiece,#onepiece,browsing
#tiktoklive,#tiktoklive,tuning
#fired,#fired,browsing
#taylorswift,#taylorswift,browsing
#perperson,#perperson,browsing
#cutestone,#cutestone,browsing
#poort,#poort,browsing
#toilet,#toilet,browsing
#skirtoutfits,#skirtoutfits,tuning
#comedyvideo,#comedyvideo,tuning
#memories,#memories,both
#socialmediamarketing,#socialmediamarketing,browsing
#airplane,#airplane,browsing
#hajitamatu,#hajitamatu,tuning
#traveltheworld,#traveltheworld,tuning
#lifeadvice,#lifeadvice,tuning
#xyzcba,#xyzcba,tuning
#rare,#rare,browsing
#badacting,#badacting,browsing
#familiejelies,#familiejelies,browsing
#CologneCathedral,#CologneCathedral,tuning
#homeremodel,#homeremodel,browsing
#whatimwearing,#whatimwearing,tuning
#elizabethquay,#elizabethquay,tuning
#aifilter,#aifilter,browsing
#butteryellow,#butteryellow,tuning
#controller,#controller,tuning
#vaderenzoon,#vaderenzoon,browsing
#mem,#mem,browsing
#Londonfields,#Londonfields,tuning
#spents,#spents,browsing
#futurenurse,#futurenurse,browsing
#sports,#sports,browsing
#videogame,#videogame,tuning
#athletes,#athletes,browsing
#heatwave,#heatwave,tuning
#georgiamayjagger,#georgiamayjagger,tuning
#berlin,#berlin,tuning
#basictee,#basictee,tuning
#trucker,#trucker,browsing
#Zendaya,#Zendaya,tuning
#dharman,#dharman,browsing
#durchstarten,#durchstarten,tuning
#chupanh,#chupanh,browsing
#xiaomi,#xiaomi,tuning
#horror,#horror,both
#runner,#runner,browsing
#duet,#duet,tuning
#doctor,#doctor,browsing
#weddingtiktok,#weddingtiktok,browsing
#relationship,#relationship,both
#familie,#familie,browsing
#secondaccount,#secondaccount,browsing
#lovedrawing,#lovedrawing,browsing
#piratesofthecaribbean,#piratesofthecaribbean,browsing
#stuktv,#stuktv,browsing
#gaza,#gaza,browsing
#bigfoot,#bigfoot,browsing
#club,#club,browsing
#sneakers,#sneakers,tuning
#hajiresmi2025,#hajiresmi2025,tuning
#bauernparty,#bauernparty,tuning
#Adventure,#Adventure,tuning
#heroes,#heroes,tuning
#travelterpercaya,#travelterpercaya,tuning
#dumpert,#dumpert,browsing
#vorsten,#vorsten,browsing
#model,#model,browsing
#BerlinTrip,#BerlinTrip,tuning
#new,#new,tuning
#asiasolotravel,#asiasolotravel,tuning
#seoul,#seoul,tuning
#teen,#teen,browsing
#gracieabrams,#gracieabrams,tuning
#battlefront,#battlefront,browsing
#vuncle205,#vuncle205,browsing
#aachen,#aachen,tuning
#würth,#würth,tuning
#womenfashion,#womenfashion,tuning
#pointe,#pointe,browsing
#bursa,#bursa,tuning
#stussy,#stussy,tuning
#caregiver,#caregiver,browsing
#viraltiktok,#viraltiktok,browsing
#wtf,#wtf,browsing
#ubud,#ubud,tuning
#MapTok,#MapTok,browsing
#tik_tok,#tik_tok,browsing
#netflix,#netflix,browsing
#geopolitics,#geopolitics,browsing
#fyppp,#fyppp,browsing
#smooth,#smooth,browsing
#EUE,#EUE,browsing
#raye,#raye,tuning
#brunette,#brunette,both
#stopforaminuteandsmile,#stopforaminuteandsmile,browsing
#Amsterdam,#Amsterdam,browsing
#tshirt,#tshirt,tuning
#creepycute,#creepycute,tuning
#trend,#trend,both
#chatgpt,#chatgpt,browsing
#mohanadpc,#mohanadpc,tuning
#usamusic,#usamusic,browsing
#createrinsight,#createrinsight,browsing
#tigerparents,#tigerparents,browsing
#proposal,#proposal,tuning
#nafartsani,#nafartsani,tuning
#redbullveleau,#redbullveleau,browsing
#DisneyParksVoices,#DisneyParksVoices,tuning
#tiktokgames,#tiktokgames,tuning
#modellenoproep,#modellenoproep,browsing
#Meme,#Meme,browsing
#hamburgersv,#hamburgersv,tuning
#2025nursegrad,#2025nursegrad,browsing
#ww3memes,#ww3memes,browsing
#satesfying,#satesfying,browsing
#maternite,#maternite,browsing
#curvystyle,#curvystyle,tuning
#goldenglobes,#goldenglobes,tuning
#umrahplusdohaqatar,#umrahplusdohaqatar,tuning
#viggo,#viggo,browsing
#asiatravelling,#asiatravelling,tuning
#fypuk,#fypuk,browsing
#bigsister,#bigsister,tuning
#helpmijnmanisklusser,#helpmijnmanisklusser,tuning
#reddit,#reddit,browsing
#byewörthersee,#byewörthersee,tuning
#Budget,#Budget,browsing
#motorsport,#motorsport,browsing
#easydrawing,#easydrawing,browsing
#foodies,#foodies,tuning
#runningtiktok,#runningtiktok,browsing
#mattyhealy,#mattyhealy,tuning
#drip,#drip,tuning
#grab,#grab,tuning
#kassa,#kassa,tuning
#gurokawaii,#gurokawaii,tuning
#pinkbeach,#pinkbeach,tuning
#viralgame,#viralgame,tuning
#skodafabia,#skodafabia,browsing
#textstory,#textstory,browsing
#nba,#nba,browsing
#hajiamannyamantenang,#hajiamannyamantenang,tuning
#clothes,#clothes,both
#jumrah,#jumrah,tuning
#gt3,#gt3,tuning
#crosscountryrunner,#crosscountryrunner,browsing
#flirting,#flirting,browsing
#soccer,#soccer,browsing
#ukfashion,#ukfashion,tuning
#squidgamenetflix,#squidgamenetflix,browsing
#story,#story,both
#season3,#season3,browsing
#viraalgaanisookgaan,#viraalgaanisookgaan,browsing
#howmanyaunties,#howmanyaunties,browsing
#darkwinter,#darkwinter,tuning
#tinydecisions,#tinydecisions,tuning
#thefunction,#thefunction,tuning
#ForYouPage,#ForYouPage,browsing
#cr,#cr,browsing
#gymbro,#gymbro,browsing
#strawberry,#strawberry,browsing
#massimodutti,#massimodutti,tuning
#makeup,#makeup,both
#intimateevents,#intimateevents,tuning
#max,#max,tuning
#sofiarichie,#sofiarichie,tuning
#starwars,#starwars,browsing
#wha,#wha,tuning
#perth,#perth,tuning
#nieuweattractie,#nieuweattractie,browsing
#satisfyinggame,#satisfyinggame,tuning
#sunriseview,#sunriseview,tuning
#maldives,#maldives,browsing
#umrah,#umrah,tuning
#zante,#zante,browsing
#PoliticalMap,#PoliticalMap,browsing
#ksc,#ksc,tuning
#heavenlydesserts,#heavenlydesserts,browsing
#jakeytv,#jakeytv,browsing
#pretty,#pretty,browsing
#promomakanliburan,#promomakanliburan,browsing
#dolfijnen,#dolfijnen,browsing
#mama,#mama,browsing
#vietnam,#vietnam,tuning
#cosmiclove,#cosmiclove,tuning
#quatar2022,#quatar2022,tuning
#luxurylifestyle,#luxurylifestyle,tuning
#grondstewardess,#grondstewardess,browsing
#massachusettsweddingvenue,#massachusettsweddingvenue,tuning
#princessariane,#princessariane,browsing
#contentcreation,#contentcreation,browsing
#addict,#addict,tuning
#opdezedag,#opdezedag,browsing
#حروف,#حروف,tuning
#tidygame,#tidygame,tuning
#urbex,#urbex,tuning
#gotobed,#gotobed,browsing
#wörtherseetour,#wörtherseetour,tuning
#عربي,#عربي,tuning
#redbull,#redbull,browsing
#rapidcups,#rapidcups,browsing
#collegeathlete,#collegeathlete,browsing
#mididress,#mididress,tuning
#gabriellesolis,#gabriellesolis,browsing
#weetjes,#weetjes,browsing
#zarafashion,#zarafashion,tuning
#howtogoviral,#howtogoviral,browsing
#memesoftiktok,#memesoftiktok,tuning
#permanentjewelryworcester,#permanentjewelryworcester,tuning
#CountryMapping,#CountryMapping,browsing
#carguys,#carguys,tuning
#fathersday,#fathersday,browsing
#vader,#vader,browsing
#stylist,#stylist,tuning
#lv,#lv,tuning
#shortfilm,#shortfilm,browsing
#giving,#giving,tuning
#howto,#howto,tuning
#morocco,#morocco,tuning
#KölnerDom,#KölnerDom,tuning
#oceantherapy,#oceantherapy,tuning
#bittersweet,#bittersweet,tuning
#chinabest,#chinabest,tuning
#freeactivities,#freeactivities,tuning
#carsoftiktok,#carsoftiktok,tuning
#schiaparelli,#schiaparelli,tuning
#kmartfinds,#kmartfinds,tuning
#herkansing,#herkansing,browsing
#phonk,#phonk,browsing
#whattowatch,#whattowatch,browsing
#Travel,#Travel,both
#lporsche,#lporsche,browsing
#2000sfashion,#2000sfashion,browsing
#rockthatbody,#rockthatbody,tuning
#claus,#claus,browsing
#kmartaus,#kmartaus,tuning
#glowupstyle,#glowupstyle,tuning
#cafe,#cafe,tuning
#girltok,#girltok,browsing
#hamburg,#hamburg,tuning
#beachvolley,#beachvolley,browsing
#asiatourtravel,#asiatourtravel,tuning
#gamertok,#gamertok,tuning
#Geography,#Geography,browsing
#mrbelmar,#mrbelmar,browsing
#BerlinEntdecken,#BerlinEntdecken,tuning
#oscardelarentaprefall2025,#oscardelarentaprefall2025,tuning
#date,#date,browsing
#internetgekkies,#internetgekkies,browsing
#twins,#twins,browsing
#rainbowbridge,#rainbowbridge,tuning
#pro,#pro,tuning
#carspotting,#carspotting,browsing
#clusters,#clusters,browsing
#karmabeachclub,#karmabeachclub,browsing
#explorer,#explorer,tuning
#F1,#F1,browsing
#zara,#zara,browsing
#fast,#fast,browsing
#komododragon,#komododragon,tuning
#rtw,#rtw,tuning
#qatar,#qatar,tuning
#theojames,#theojames,browsing
#babytalking,#babytalking,browsing
#dutch,#dutch,browsing
#honors,#honors,browsing
#desitok,#desitok,browsing
#targeraudience,#targeraudience,browsing
#persönlichkeitsentwicklung,#persönlichkeitsentwicklung,tuning
#drive,#drive,tuning
#hajj2025,#hajj2025,tuning
#LearnOnTikTok,#LearnOnTikTok,browsing
#whatwomenwear,#whatwomenwear,tuning
#hmfashion,#hmfashion,tuning
#foodlover,#foodlover,browsing
#nurseintern,#nurseintern,browsing
#schleswigholstein,#schleswigholstein,tuning
#Asia,#Asia,tuning
#wendyortiz,#wendyortiz,browsing
#portugal,#portugal,browsing
#princess,#princess,browsing
#husband,#husband,browsing
#pfw,#pfw,tuning
#Love,#Love,browsing
#jonathananderson,#jonathananderson,tuning
#pinkstripes,#pinkstripes,tuning
#albalad,#albalad,tuning
#pc,#pc,tuning
#siliconemask,#siliconemask,browsing
#MapEdit,#MapEdit,browsing
#politierotterdam,#politierotterdam,browsing
#sundayfunday,#sundayfunday,tuning
#seatleonfr,#seatleonfr,browsing
#Glastonbury,#Glastonbury,tuning
#abercrombie,#abercrombie,tuning
#interview,#interview,browsing
#GenshinImpact33,#GenshinImpact33,tuning
#humor,#humor,browsing
#griffrule,#griffrule,browsing
#fouryou,#fouryou,tuning
#slickcityactionpark,#slickcityactionpark,browsing
#blippivideos,#blippivideos,browsing
#steaklover,#steaklover,browsing
#dashcamnederland,#dashcamnederland,browsing
#Erfolgsmensch,#Erfolgsmensch,tuning
#greenpufferjacket,#greenpufferjacket,tuning
#eufyEseries,#eufyEseries,browsing
#tokyo,#tokyo,tuning
#fortnite,#fortnite,browsing
#whowhatwear,#whowhatwear,tuning
#browngirl,#browngirl,browsing
#relate,#relate,browsing
#johnxinaof,#johnxinaof,tuning
#southamerica,#southamerica,browsing
#trendweddingtiktok,#trendweddingtiktok,tuning
#seanhensley,#seanhensley,browsing
#plajvoleybolu,#plajvoleybolu,browsing
#hajj,#hajj,tuning
#footwork,#footwork,browsing
#sommer,#sommer,tuning
#haveyourselfamerrylittlechristmas,#haveyourselfamerrylittlechristmas,tuning
#cocacola,#cocacola,browsing
#cappadocia,#cappadocia,tuning
#drelee,#drelee,browsing
#boyfriend,#boyfriend,browsing
#parisfashionweek,#parisfashionweek,tuning
#blowup,#blowup,browsing
#davidattenborough,#davidattenborough,tuning
#gif,#gif,browsing
#AltHistory,#AltHistory,browsing
#pokemonfan,#pokemonfan,browsing
#race,#race,browsing
#cambodja,#cambodja,browsing
#summervibe,#summervibe,tuning
#pokemon,#pokemon,browsing
#mad,#mad,browsing
#christmasdress,#christmasdress,tuning
#fashionweek,#fashionweek,tuning
#fypf,#fypf,tuning
#barberhouston,#barberhouston,browsing
#urbanexploring,#urbanexploring,tuning
#fremantle,#fremantle,tuning
#cancersucks,#cancersucks,tuning
#TravelPhilippines,#TravelPhilippines,tuning
#fame,#fame,browsing
#UCL,#UCL,browsing
#bakeries,#bakeries,tuning
#VietnamEats,#VietnamEats,tuning
#fietsen,#fietsen,browsing
#fitnessmotivation,#fitnessmotivation,browsing
#perfum,#perfum,tuning
#selma,#selma,browsing
#taser,#taser,tuning
#neverstopexploring,#neverstopexploring,tuning
#vehicle,#vehicle,tuning
#bellaswan,#bellaswan,browsing
#stuffedanimals,#stuffedanimals,browsing
#korean,#korean,browsing
#doubledate,#doubledate,browsing
#money,#money,browsing
#ErfolgIstKeinZufall,#ErfolgIstKeinZufall,tuning
#joke,#joke,browsing
#zarawoman,#zarawoman,tuning
#WachstumDenken,#WachstumDenken,tuning
#milan,#milan,tuning
#vacation,#vacation,tuning
#heatwaveinthenetherlands,#heatwaveinthenetherlands,browsing
#joshuavan,#joshuavan,browsing
#see,#see,tuning
#travelers,#travelers,browsing
#themepark,#themepark,browsing
#muslimtour,#muslimtour,tuning
#geslaagd,#geslaagd,browsing
#fyp,#fyp,both
#minsu,#minsu,browsing
#albaniantiktok,#albaniantiktok,tuning
#ashistudio8PM,#ashistudio8PM,tuning
#trackandfield,#trackandfield,browsing
#2010s,#2010s,browsing
#revenge,#revenge,browsing
#matchingset,#matchingset,tuning
#liverpool,#liverpool,tuning
#cutebaby,#cutebaby,browsing
#forypupage,#forypupage,browsing
#askboutjayy25,#askboutjayy25,browsing
#obx3,#obx3,tuning
#nusapenida,#nusapenida,tuning
#dubailiving,#dubailiving,browsing
#ledefileloreal,#ledefileloreal,tuning
#komodoisland,#komodoisland,tuning
#coolwinter,#coolwinter,tuning
#snapchat,#snapchat,browsing
#fashiontiktok,#fashiontiktok,tuning
#dior,#dior,tuning
#gojek,#gojek,tuning
#vogue,#vogue,tuning
#utah,#utah,browsing
#babecarano,#babecarano,browsing
#momstyle,#momstyle,tuning
#technique,#technique,browsing
#prom,#prom,browsing
#ChampionBundles,#ChampionBundles,tuning
#reizen,#reizen,browsing
#ballerina,#ballerina,browsing
#kmartaustralia,#kmartaustralia,tuning
#novakdjokovic,#novakdjokovic,tuning
#spf,#spf,browsing
#nijmegen,#nijmegen,browsing
#мійтанець,#мійтанець,browsing
#partyfitcheck,#partyfitcheck,tuning
#steamgames,#steamgames,tuning
#DenkenÄndertAlles,#DenkenÄndertAlles,tuning
#streetwear,#streetwear,tuning
#schönezeiten,#schönezeiten,tuning
#restaurant,#restaurant,browsing
#cheneychan,#cheneychan,tuning
#thomasbeach,#thomasbeach,tuning
#kees,#kees,browsing
#loyalty,#loyalty,tuning
#redditredings,#redditredings,browsing
#MotoGP,#MotoGP,browsing
#runnerthings,#runnerthings,browsing
#colorpalette,#colorpalette,tuning
#citytourthaif,#citytourthaif,tuning
#setup,#setup,tuning
#viral_video,#viral_video,browsing
#therapy,#therapy,tuning
#tall,#tall,browsing
#softnatural,#softnatural,tuning
#seventhu,#seventhu,tuning
#AD,#AD,browsing
#ijustwantlove,#ijustwantlove,browsing
#whv,#whv,tuning
#oculusquest2,#oculusquest2,tuning
#bridalveil,#bridalveil,tuning
#cake,#cake,browsing
#capcutpioneer,#capcutpioneer,browsing
#dreamy,#dreamy,tuning
#travelkorea,#travelkorea,tuning
#rangolivideo,#rangolivideo,browsing
#naturevibes,#naturevibes,tuning
#ExploreGermany,#ExploreGermany,tuning
#funnyanimals,#funnyanimals,browsing
#hajiquotapemerintah2025,#hajiquotapemerintah2025,tuning
#gamingtok,#gamingtok,tuning
#cristianoronaldo,#cristianoronaldo,browsing
#dailygamer,#dailygamer,tuning
#girlhoodcore,#girlhoodcore,browsing
#mg7,#mg7,browsing
#nofs,#nofs,tuning
#placetovisit,#placetovisit,tuning
#lvmh,#lvmh,tuning
#oranjenassau,#oranjenassau,browsing
#volleyball,#volleyball,browsing
#saleprice,#saleprice,tuning
#lawschool,#lawschool,browsing
#googleveo,#googleveo,browsing
#soccerskills,#soccerskills,browsing
#snack,#snack,tuning
#oneocean,#oneocean,tuning
#coffee,#coffee,tuning
#voleybol,#voleybol,browsing
#archistackt,#archistackt,browsing
#springoutfit,#springoutfit,tuning
#cartoon,#cartoon,browsing
#milanfashionweek,#milanfashionweek,tuning
#almarey,#almarey,browsing
#armyspouse,#armyspouse,browsing
#LiebeDeinLeben,#LiebeDeinLeben,tuning
#umrohplusturki,#umrohplusturki,tuning
#yellowoutfit,#yellowoutfit,tuning
#charlixcx,#charlixcx,tuning
#bratok,#bratok,tuning
#placestogo,#placestogo,tuning
#katertje,#katertje,browsing
#michael,#michael,browsing
#robloxfyp,#robloxfyp,tuning
#dolphins,#dolphins,tuning
#hairfail,#hairfail,tuning
#geotok,#geotok,browsing
#athletelife,#athletelife,browsing
#gtitreffen,#gtitreffen,tuning
#cat,#cat,browsing
#motivationdeutsch,#motivationdeutsch,tuning
#ornah,#ornah,browsing
#friesland,#friesland,browsing
#chinese,#chinese,tuning
#imissher,#imissher,browsing
#workinginretail,#workinginretail,browsing
#schipholairport,#schipholairport,browsing
#janazah,#janazah,browsing
#inspiratie,#inspiratie,browsing
#commercial,#commercial,browsing
#tiktoksupremecourt,#tiktoksupremecourt,tuning
#funnycat,#funnycat,browsing
#babyactivity,#babyactivity,browsing
#pedicure,#pedicure,tuning
#deutschland,#deutschland,tuning
#darthvader,#darthvader,browsing
#exploreasia,#exploreasia,tuning
#keychain,#keychain,browsing
#horsejumping,#horsejumping,browsing
#PhilippinesTravel,#PhilippinesTravel,tuning
#size14style,#size14style,tuning
#lightskin,#lightskin,browsing
#Pubity,#Pubity,browsing
#quizchallenge,#quizchallenge,browsing
#uniroom,#uniroom,tuning
#southeastasiatravel,#southeastasiatravel,tuning
#67,#67,browsing
#sevilla,#sevilla,browsing
#men,#men,tuning
#scammed,#scammed,tuning
#thrifttok,#thrifttok,tuning
#cosplay,#cosplay,browsing
#brown,#brown,browsing
#studentnurselife,#studentnurselife,browsing
#denimoutfit,#denimoutfit,tuning
#amazonfashion,#amazonfashion,tuning
#pink,#pink,tuning
#8percent,#8percent,browsing
#homeaddition,#homeaddition,browsing
#waystowear,#waystowear,tuning
#creatorsearchinsights,#creatorsearchinsights,both
#michaeljackson,#michaeljackson,browsing
#newhair,#newhair,tuning
#fuego,#fuego,tuning
#viralvideo,#viralvideo,both
#groen,#groen,browsing
#duo,#duo,browsing
#duurbel,#duurbel,browsing
#cutecats,#cutecats,browsing
#polkadots,#polkadots,tuning
#blackfridaydeals,#blackfridaydeals,tuning
#TravelTiktok,#TravelTiktok,browsing
#bestview,#bestview,tuning
#foryoh,#foryoh,browsing
#italy,#italy,both
#truth,#truth,browsing
#Z,#Z,tuning
#squidgameseason3,#squidgameseason3,browsing
#flightattendant,#flightattendant,tuning
#dumb,#dumb,browsing
#striploin,#striploin,browsing
#trendingnow,#trendingnow,tuning
#asmrsounds,#asmrsounds,browsing
#bored,#bored,browsing
#bestplayer,#bestplayer,browsing
#AFL,#AFL,browsing
#agosteakarlsruhe,#agosteakarlsruhe,tuning
#cleantok,#cleantok,browsing
#brazil,#brazil,browsing
#seinastore,#seinastore,browsing
#qna,#qna,browsing
#prengel,#prengel,browsing
#marksandspencer,#marksandspencer,tuning
#taperfade,#taperfade,browsing
#bridedress,#bridedress,tuning
#police,#police,browsing
#namelogos,#namelogos,browsing
#stitch,#stitch,tuning
#chongqing,#chongqing,tuning
#gamergirl,#gamergirl,tuning
#jjmaybank,#jjmaybank,tuning
#baron1898,#baron1898,browsing
#walkyourworth,#walkyourworth,tuning
#dogs,#dogs,browsing
#topplacestovisit,#topplacestovisit,tuning
#90sfashion,#90sfashion,tuning
#england,#england,tuning
#realism,#realism,browsing
#corsetjacket,#corsetjacket,tuning
#runningshoes,#runningshoes,browsing
#kroonprinses,#kroonprinses,browsing
#A,#A,browsing
#jachtseizoen,#jachtseizoen,browsing
#outfits,#outfits,tuning
#checoperez,#checoperez,browsing
#avaitation,#avaitation,browsing
#forupage,#forupage,tuning
#ايلي_صعب,#ايلي_صعب,tuning
#GeoMapping,#GeoMapping,browsing
#aesthetic,#aesthetic,tuning
#competition,#competition,browsing
#abcxyz,#abcxyz,browsing
#WorldMap,#WorldMap,browsing
#notthemomma,#notthemomma,browsing
#newgames,#newgames,tuning
#diylashes,#diylashes,browsing
#digitalcamera,#digitalcamera,browsing
#myvideo,#myvideo,browsing
#littleindia,#littleindia,tuning
#koningsspelen,#koningsspelen,browsing
#airporttrend,#airporttrend,tuning
#netherlands,#netherlands,browsing
#stilettonails,#stilettonails,browsing
#streetstyle,#streetstyle,tuning
#KendallJenner,#KendallJenner,tuning
#besties,#besties,browsing
#travelguide,#travelguide,tuning
#myoutfit,#myoutfit,tuning
#frysk,#frysk,browsing
#voorjoupaginaforyou,#voorjoupaginaforyou,browsing
#askreddit,#askreddit,browsing
#noob,#noob,tuning
#eventspace,#eventspace,tuning
#Mahalia,#Mahalia,tuning
#lachen,#lachen,browsing
#hajikhusus,#hajikhusus,tuning
#tahiti,#tahiti,tuning
#elenagilbert,#elenagilbert,browsing
#sewingtiktok,#sewingtiktok,browsing
#AchtsamkeitLebenm,#AchtsamkeitLebenm,tuning
#foryou,#foryou,both
#experiences,#experiences,tuning
#capitalbra,#capitalbra,tuning
#fruit,#fruit,browsing
#beach,#beach,tuning
#worstday,#worstday,browsing
#onepiecememes,#onepiecememes,browsing
#blackscreenlyrics,#blackscreenlyrics,tuning
#fashioninspo,#fashioninspo,tuning
#jeunemaman,#jeunemaman,browsing
#wedding,#wedding,both
#gamingmemes,#gamingmemes,tuning
#strijp,#strijp,browsing
#falling,#falling,browsing
#fypツviral,#fypツviral,browsing
#russia,#russia,tuning
#girlfriend,#girlfriend,browsing
#kawaiicore,#kawaiicore,tuning
#pumpkinseason,#pumpkinseason,tuning
#tiktokstrategy,#tiktokstrategy,browsing
#solotravelling,#solotravelling,tuning
#thatsojameela,#thatsojameela,tuning
#Bhutan,#Bhutan,tuning
#EuroBasketWomen,#EuroBasketWomen,browsing
#reelsinstagram,#reelsinstagram,tuning
#southkorea,#southkorea,tuning
#whattowear,#whattowear,tuning
#renaldo,#renaldo,browsing
#friedchicken,#friedchicken,browsing
#dutchtiktok,#dutchtiktok,browsing
#karlsruhemix,#karlsruhemix,tuning
#browntok,#browntok,browsing
#ilovemygf,#ilovemygf,browsing
#siblingsgoals,#siblingsgoals,browsing
#worldofwarcraft,#worldofwarcraft,tuning
#asmr,#asmr,browsing
#sitswana,#sitswana,browsing
#ypiasia,#ypiasia,tuning
#wanderlust,#wanderlust,tuning
#energydrink,#energydrink,browsing
#BaliTravel,#BaliTravel,tuning
#gadget,#gadget,browsing
#dayinmylife,#dayinmylife,tuning
#country,#country,both
#howtocutacake,#howtocutacake,browsing
#iykyk,#iykyk,browsing
#holidayoutfit,#holidayoutfit,tuning
#akshayaudayakumar,#akshayaudayakumar,browsing
#slowed,#slowed,tuning
#cutegore,#cutegore,tuning
#pipifein,#pipifein,tuning
#growth,#growth,browsing
#kimiantonelli,#kimiantonelli,browsing
#fypagetiktok,#fypagetiktok,browsing
#travelmemories,#travelmemories,tuning
#futureRN,#futureRN,browsing
#robuxroblox,#robuxroblox,tuning
#learndrawing,#learndrawing,browsing
#tiktokfashion,#tiktokfashion,tuning
#london,#london,both
#socialcreditscore,#socialcreditscore,tuning
#b737,#b737,browsing
#browntiktok,#browntiktok,browsing
#tallcake,#tallcake,browsing
#billieeilishedit,#billieeilishedit,browsing
#fittok,#fittok,tuning
#umrohnyaman,#umrohnyaman,tuning
#dubai,#dubai,both
#workingholidayvisa,#workingholidayvisa,tuning
#cos,#cos,tuning
#hughlaurie,#hughlaurie,browsing
#top7,#top7,tuning
#ZieleErreichen,#ZieleErreichen,tuning
#rudypankow,#rudypankow,tuning
#capsulewardrobe,#capsulewardrobe,tuning
#waitersbelike,#waitersbelike,browsing
#springstyle,#springstyle,tuning
#stretchable,#stretchable,tuning
#wfhoutfit,#wfhoutfit,tuning
#ladyyy,#ladyyy,browsing
#bluegown,#bluegown,tuning
#streetstylemadrid,#streetstylemadrid,tuning
#indoortrack,#indoortrack,browsing
#kungfu,#kungfu,browsing
#icecream,#icecream,browsing
#umroh1447h,#umroh1447h,tuning
#restyle,#restyle,tuning
#couple,#couple,both
#nailpolish,#nailpolish,tuning
#gianniadinna,#gianniadinna,browsing
#seatibizafr,#seatibizafr,browsing
#sister,#sister,browsing
#viscose,#viscose,tuning
#maps,#maps,browsing
#hairdresserreacts,#hairdresserreacts,tuning
#theweeknd,#theweeknd,browsing
#BerlinHighlights,#BerlinHighlights,tuning
#sunset,#sunset,both
#ipadgaming,#ipadgaming,tuning
#content,#content,browsing
#happyness,#happyness,tuning
#sequins,#sequins,tuning
#UnlockAllValorant,#UnlockAllValorant,tuning
#dicipline,#dicipline,browsing
#summerdress,#summerdress,tuning
#mobilegame,#mobilegame,tuning
#tulleskirt,#tulleskirt,tuning
#dancer,#dancer,browsing
#limited,#limited,tuning
#japantiktok,#japantiktok,tuning
#xybcafyp,#xybcafyp,browsing
#linen,#linen,tuning
#2025,#2025,tuning
#southafricatiktok,#southafricatiktok,browsing
#bikini,#bikini,tuning
#northerngermany,#northerngermany,tuning
#surprise,#surprise,tuning
#traveltiktok,#traveltiktok,both
#fatbike,#fatbike,browsing
#bsf,#bsf,browsing
#fürdich,#fürdich,browsing
#nerfwar,#nerfwar,browsing
#scary,#scary,browsing
#vieren,#vieren,browsing
#fastfoodworkers,#fastfoodworkers,browsing
#coords,#coords,tuning
#cambodia,#cambodia,tuning
#3859,#3859,browsing
#tuning,#tuning,tuning
#monochromatic,#monochromatic,tuning
#mma,#mma,browsing
#fffffffffffyyyyyyyyyyypppppppppppp,#fffffffffffyyyyyyyyyyypppppppppppp,tuning
#scania,#scania,browsing
#homecomforts,#homecomforts,tuning
#bluedress,#bluedress,tuning
#MeeOpVakantie,#MeeOpVakantie,browsing
#hotboysummer,#hotboysummer,tuning
#racing,#racing,browsing
#teamworkunder10k,#teamworkunder10k,tuning
#thatoneguy,#thatoneguy,browsing
#trendingweddingdress,#trendingweddingdress,tuning
#shangani,#shangani,browsing
#school,#school,both
#sad,#sad,both
#GirlsWhoTravel,#GirlsWhoTravel,browsing
#relatable,#relatable,both
#mvoie,#mvoie,browsing
#EducationalContent,#EducationalContent,browsing
#viralditiktok,#viralditiktok,browsing
#longdistancerelationship,#longdistancerelationship,browsing
#loversbyheaven,#loversbyheaven,browsing
#kyliejenner,#kyliejenner,tuning
#uitgaan,#uitgaan,browsing
#dutchiescanrelate,#dutchiescanrelate,browsing
#alliwantforchristmas,#alliwantforchristmas,tuning
#positiveparenting,#positiveparenting,tuning
#darlingholdmyhand,#darlingholdmyhand,browsing
#cars,#cars,both
#styleinspo,#styleinspo,both
#respectmoments,#respectmoments,browsing
#fcbarcelona,#fcbarcelona,browsing
#Twingo,#Twingo,tuning
#voorjullie,#voorjullie,browsing
#kruidvatmade,#kruidvatmade,browsing
#vrgame,#vrgame,tuning
#momlife,#momlife,browsing
#shein,#shein,browsing
#foryour,#foryour,browsing
#sahabatandamenujubaitullah,#sahabatandamenujubaitullah,tuning
#lame,#lame,tuning
#foodtok,#foodtok,both
#foryouuu,#foryouuu,browsing
#mountains,#mountains,tuning
#chef,#chef,browsing
#hetlevenisgeenponykamp,#hetlevenisgeenponykamp,browsing
#Capcut,#Capcut,browsing
#makeover,#makeover,tuning
#embarrassing,#embarrassing,browsing
#sabrinacarpenter,#sabrinacarpenter,tuning
#comedytrending,#comedytrending,browsing
#event,#event,browsing
#foryoupagе,#foryoupagе,browsing
#ijssalonfirenze,#ijssalonfirenze,browsing
#sketch,#sketch,both
#clubllondon,#clubllondon,tuning
#chatmo,#chatmo,browsing
#digicam,#digicam,browsing
#studentathlete,#studentathlete,browsing
#trendjevolgen,#trendjevolgen,browsing
#ginnyandgeorgiaseason3,#ginnyandgeorgiaseason3,browsing
#christmaspartyoutfit,#christmaspartyoutfit,tuning
#volunteer,#volunteer,tuning
#donnedesailes,#donnedesailes,browsing
#weddingvibes,#weddingvibes,tuning
#java,#java,tuning
#MensLeggings,#MensLeggings,browsing
#9jarigbestaan,#9jarigbestaan,browsing
#softsummer,#softsummer,tuning
#america,#america,browsing
#zarajeans,#zarajeans,browsing
#style,#style,both
#bridalgow,#bridalgow,tuning
#luckybluesmith,#luckybluesmith,tuning
#chanelcruiseshow,#chanelcruiseshow,tuning
#jackneel,#jackneel,browsing
#Lordes,#Lordes,tuning
#portablespeaker,#portablespeaker,browsing
#summeroitfitsinspo,#summeroitfitsinspo,tuning
#dancerscomeinallsizes,#dancerscomeinallsizes,browsing
#universultiktok,#universultiktok,browsing
#food,#food,both
#xxxtentacion,#xxxtentacion,browsing
#hashtag,#hashtag,browsing
#dropshipping,#dropshipping,browsing
#citybreak,#citybreak,tuning
#wholesome,#wholesome,tuning
#vlaggen,#vlaggen,browsing
#karlsruhermess,#karlsruhermess,tuning
#contentcreator,#contentcreator,browsing
#squidgame,#squidgame,browsing
#Fatbike,#Fatbike,browsing
#Máxima,#Máxima,browsing
#louisvuitton,#louisvuitton,tuning
#johnxinaofficial,#johnxinaofficial,tuning
#zulu,#zulu,browsing
#daciebie,#daciebie,tuning
#partyoutfit,#partyoutfit,tuning
#babyshower,#babyshower,browsing
#AC,#AC,browsing
#offlinegame,#offlinegame,tuning
#herkenbaar,#herkenbaar,browsing
#ellefanning,#ellefanning,tuning
#worldnews,#worldnews,browsing
#narutoedit,#narutoedit,browsing
#dancing,#dancing,browsing
#dmusoninstagramfororder,#dmusoninstagramfororder,tuning
#haircut,#haircut,browsing
#denkenändern,#denkenändern,tuning
#matrimonio,#matrimonio,browsing
#EdgyStreetwearLook,#EdgyStreetwearLook,browsing
#voorjou,#voorjou,both
#cotswolds,#cotswolds,tuning
#cbr,#cbr,browsing
#cancun,#cancun,browsing
#malossi,#malossi,browsing
#movie,#movie,browsing
#whv417,#whv417,tuning
#thoitrangnu,#thoitrangnu,browsing
#tiktoktips,#tiktoktips,browsing
#beachclub,#beachclub,tuning
#heimatliebe,#heimatliebe,tuning
#billionaire,#billionaire,browsing
#synaworld,#synaworld,tuning
#eindhoven,#eindhoven,browsing
#nightvisongoggles,#nightvisongoggles,browsing
#moncler,#moncler,tuning
#zomer,#zomer,tuning
#mentalestärke,#mentalestärke,tuning
#blairwaldorf,#blairwaldorf,tuning
#minecraft,#minecraft,tuning
#eyelashes,#eyelashes,tuning
#cousin,#cousin,browsing
#WhoWhatWear_May_Cover,#WhoWhatWear_May_Cover,tuning
#noautotune,#noautotune,browsing
#wholesomemoments,#wholesomemoments,tuning
#older,#older,browsing
#placestovisit,#placestovisit,tuning
#go,#go,browsing
#kidstoysvideos,#kidstoysvideos,browsing
#curvytiktok,#curvytiktok,tuning
#kid,#kid,browsing
#parentingtips,#parentingtips,tuning
#storytimes,#storytimes,tuning
#newyearoutfit2025,#newyearoutfit2025,tuning
#logo,#logo,browsing
#creatorinsughttools,#creatorinsughttools,browsing
#travelasia,#travelasia,tuning
#fremantlemarkets,#fremantlemarkets,tuning
#skydiver,#skydiver,tuning
#2016,#2016,browsing
#shakeyeyes,#shakeyeyes,browsing
#breda,#breda,browsing
#bigsisteradvice,#bigsisteradvice,tuning
#buiten,#buiten,browsing
#hadith,#hadith,browsing
#goty,#goty,tuning
#worcesterma,#worcesterma,tuning
#function,#function,browsing
#pregnant,#pregnant,tuning
#mrllime,#mrllime,browsing
#sassy,#sassy,browsing
#pencildrawing,#pencildrawing,browsing
#AlexanderMcQueen,#AlexanderMcQueen,tuning
#hospital,#hospital,browsing
#leeuwarden,#leeuwarden,browsing
#travelvideo,#travelvideo,tuning
#traveltransition,#traveltransition,tuning
#katseye,#katseye,browsing
#travelumrohjakarta,#travelumrohjakarta,tuning
#scope,#scope,browsing
#havo,#havo,browsing
#perfumes,#perfumes,tuning
#lashpatisserie,#lashpatisserie,browsing
#herplaats,#herplaats,browsing
#highstreetfashion,#highstreetfashion,tuning
#BerlinDeutschland,#BerlinDeutschland,tuning
#fure,#fure,browsing
#brookeandjubal,#brookeandjubal,browsing
#breakingnews,#breakingnews,browsing
#zorreguieta,#zorreguieta,browsing
#umroh,#umroh,tuning
#footballskills,#footballskills,browsing
#fallapart,#fallapart,browsing
#madridstyle,#madridstyle,tuning
#shibal,#shibal,browsing
#curalblowup,#curalblowup,browsing
#relaxinggame,#relaxinggame,tuning
#altezzanationnewzealand,#altezzanationnewzealand,tuning
#twilight,#twilight,tuning
#TrendingNow,#TrendingNow,browsing
#chinaitaly,#chinaitaly,tuning
#hairtransformation,#hairtransformation,both
#kielcity,#kielcity,tuning
#oddlysatisfying,#oddlysatisfying,browsing
#babynameslist,#babynameslist,tuning
#renault,#renault,tuning
#backpackingseasia,#backpackingseasia,tuning
#crochet,#crochet,browsing
#StoriesOnZalando,#StoriesOnZalando,tuning
#acting,#acting,browsing
#relateable,#relateable,browsing
#freepalestine,#freepalestine,browsing
#czechia,#czechia,tuning
#glastonbury,#glastonbury,tuning
#cutness,#cutness,browsing
#baby,#baby,both
#solotraveldestinations,#solotraveldestinations,tuning
#sundaykalogeras,#sundaykalogeras,browsing
#zendaya,#zendaya,tuning
#fashiontips,#fashiontips,tuning
#chongqingcity,#chongqingcity,tuning
#ecommerce,#ecommerce,browsing
#fashionfashion,#fashionfashion,tuning
#momoutfitinspo,#momoutfitinspo,tuning
#lamarjackson,#lamarjackson,browsing
#autumnstyle,#autumnstyle,tuning
#walks,#walks,tuning
#ootdfashion,#ootdfashion,tuning
#hozier,#hozier,browsing
#klussen,#klussen,tuning
#topgame,#topgame,tuning
#monsterhunterwilds,#monsterhunterwilds,tuning
#thingstodoinperth,#thingstodoinperth,tuning
#millionaire,#millionaire,browsing
#travelinspiration,#travelinspiration,tuning
#veo,#veo,browsing
#grossesse2023,#grossesse2023,browsing
#namelogochallenge,#namelogochallenge,browsing
#blowouttaper,#blowouttaper,browsing
#dinnerideas,#dinnerideas,browsing
#burger,#burger,browsing
#ostsee,#ostsee,tuning
#foodie,#foodie,tuning
#рекомендації,#рекомендації,browsing
#ShowYourJOWO,#ShowYourJOWO,tuning
#2man,#2man,browsing
#capsulewardrobestyle,#capsulewardrobestyle,tuning
#snacks,#snacks,tuning
#generalknowledge,#generalknowledge,browsing
#gihun,#gihun,browsing
#OranjeLeeuwinnen,#OranjeLeeuwinnen,browsing
#didyouknow,#didyouknow,browsing
#cargirl,#cargirl,tuning
#capcutvelocity,#capcutvelocity,browsing
#blazerstyle,#blazerstyle,tuning
#athletetok,#athletetok,browsing
#masks,#masks,browsing
#workoutfits,#workoutfits,tuning
#Dior,#Dior,tuning
#ijssalon,#ijssalon,browsing
#livehighlights,#livehighlights,both
#cedevita,#cedevita,browsing
#Prada,#Prada,tuning
#twopointmuseum,#twopointmuseum,tuning
#portuguese,#portuguese,browsing
#ukraine,#ukraine,tuning
#comedie,#comedie,browsing
#ishowspeed,#ishowspeed,browsing
#xyzbca,#xyzbca,browsing
#emirates,#emirates,browsing
#digitalnomad,#digitalnomad,tuning
#pourtoii,#pourtoii,tuning
#charlottesrecovering,#charlottesrecovering,tuning
#peach,#peach,browsing
#darmstadt,#darmstadt,tuning
#kesfet,#kesfet,tuning
#minicamera,#minicamera,browsing
#WhatDoIWear,#WhatDoIWear,tuning
#golf,#golf,browsing
#cozygame,#cozygame,tuning
#sewing,#sewing,browsing
#f1themovie,#f1themovie,browsing
#nerfwars,#nerfwars,browsing
#vayxinhdaopho,#vayxinhdaopho,browsing
#viralsounds,#viralsounds,browsing
#christmasmusic,#christmasmusic,tuning
#livinginaustralia,#livinginaustralia,tuning
#croatia,#croatia,browsing
#huiskopen,#huiskopen,tuning
#asicsgelnyc,#asicsgelnyc,tuning
#relentless,#relentless,browsing
#kusadasi,#kusadasi,tuning
#grail,#grail,tuning
#mens,#mens,tuning
#britneymanson,#britneymanson,tuning
#princessamalia,#princessamalia,browsing
#paketumroh,#paketumroh,tuning
#paisesbajos,#paisesbajos,browsing
#photoshop,#photoshop,browsing
#runtok,#runtok,both
#airport,#airport,both
#voorjouw,#voorjouw,browsing
#realistic,#realistic,browsing
#noahlyles,#noahlyles,browsing
#british,#british,browsing
#ipadapp,#ipadapp,browsing
#traveltips,#traveltips,tuning
#workout,#workout,browsing
#travelhajidanumroh,#travelhajidanumroh,tuning
#d1athlete,#d1athlete,browsing
#bucketlisttravel,#bucketlisttravel,tuning
#steak,#steak,browsing
#top10,#top10,tuning
#work,#work,browsing
#island,#island,tuning
#cashier,#cashier,browsing
#dieterbohlen,#dieterbohlen,tuning
#lvbag,#lvbag,tuning
#jumbo,#jumbo,both
#straighthair,#straighthair,browsing
#asiatravel,#asiatravel,tuning
#paris2024,#paris2024,tuning
#india,#india,browsing
#koningsdag,#koningsdag,browsing
#PixVerse,#PixVerse,browsing
#nothingbeatsajet2holiday,#nothingbeatsajet2holiday,browsing
#winkel,#winkel,tuning
#tiktokban,#tiktokban,tuning
#Top5List,#Top5List,tuning
#transformation,#transformation,tuning
#SheridaSpitse,#SheridaSpitse,browsing
#TheFittingRoom,#TheFittingRoom,tuning
#beauty,#beauty,browsing
#drhouse,#drhouse,browsing
#birkin,#birkin,tuning
#barbergame,#barbergame,browsing
#pvckliktegel,#pvckliktegel,browsing
#quadrobics,#quadrobics,browsing
#ombredress,#ombredress,tuning
#TravelTikTok,#TravelTikTok,tuning
#Running,#Running,browsing
#zorghelden,#zorghelden,browsing
#collegedropout,#collegedropout,browsing
#unconditionallove,#unconditionallove,tuning
#موسم_الرياض,#موسم_الرياض,tuning
#cakeart,#cakeart,browsing
#Levenskosten,#Levenskosten,browsing
#umrohplusthaif,#umrohplusthaif,tuning
#hossamahmed,#hossamahmed,browsing
#preppy,#preppy,browsing
#VogueWorld,#VogueWorld,tuning
#aus,#aus,tuning
#motivation,#motivation,browsing
#catfunny,#catfunny,browsing
#titanic,#titanic,tuning
#mot,#mot,browsing
#ijs,#ijs,browsing
#sport,#sport,browsing
#givesyouwings,#givesyouwings,browsing
#coolgirlstyle,#coolgirlstyle,tuning
#nails,#nails,browsing
#phonescam,#phonescam,tuning
#forgiveness,#forgiveness,tuning
#renaissance,#renaissance,browsing
#thrifting,#thrifting,tuning
#goodboy,#goodboy,browsing
#kiel,#kiel,tuning
#virtualreality,#virtualreality,tuning
#life,#life,browsing
#prime,#prime,browsing
#cambryansedlick,#cambryansedlick,tuning
#mindsetmix,#mindsetmix,tuning
#bar,#bar,browsing
#knotentanz,#knotentanz,tuning
#DareToDream,#DareToDream,browsing
#ariane,#ariane,browsing
#laurensanchez,#laurensanchez,browsing
#travellife,#travellife,tuning
#nyepi,#nyepi,tuning
#juliannewman,#juliannewman,browsing
#devilwearsprada,#devilwearsprada,tuning
#sui,#sui,browsing
#oliviarodrigo,#oliviarodrigo,tuning
#darkskin,#darkskin,browsing
#ufc317,#ufc317,browsing
#Politie,#Politie,browsing
#uncle,#uncle,tuning
#CapCut,#CapCut,both
#foryoupage,#foryoupage,both
#ayiahsoufi,#ayiahsoufi,browsing
#Geopolitics,#Geopolitics,browsing
#Sprint,#Sprint,browsing
#bremencity,#bremencity,tuning
#toyotayarisgr,#toyotayarisgr,browsing
#buenosaires,#buenosaires,browsing
#formula1,#formula1,browsing
#maxima,#maxima,browsing
#gameoftheyear,#gameoftheyear,tuning
#vanoranje,#vanoranje,browsing
#benjaminfloresjr,#benjaminfloresjr,browsing
#whattowearfor,#whattowearfor,tuning
#flores,#flores,tuning
#trends,#trends,both
#storytime,#storytime,both
#luffy,#luffy,browsing
#track,#track,browsing
#help,#help,browsing
#coupletravel,#coupletravel,tuning
#hildesheim,#hildesheim,tuning
#gaming,#gaming,tuning
#nextangel,#nextangel,browsing
#darkmornings,#darkmornings,browsing
#hotweatheroutfit,#hotweatheroutfit,tuning
#Thrilling,#Thrilling,browsing
#capri,#capri,browsing
#nostalgia,#nostalgia,browsing
#oldham,#oldham,browsing
#themuslimundertaker,#themuslimundertaker,browsing
#zaraaddict,#zaraaddict,tuning
#goldenglobes2025,#goldenglobes2025,tuning
#UFC,#UFC,browsing
#MFW,#MFW,tuning
#graduate,#graduate,browsing
#willemalexander,#willemalexander,both
#artvideo,#artvideo,browsing
#solution,#solution,browsing
#softlifestyle,#softlifestyle,tuning
#grappigefilmpjes,#grappigefilmpjes,browsing
#MappingCommunity,#MappingCommunity,browsing
#pcgaming,#pcgaming,tuning
#cool,#cool,both
#housemd,#housemd,browsing
#undertones,#undertones,tuning
#giftok,#giftok,browsing
#consciousparenting,#consciousparenting,tuning
#zaraoutfit,#zaraoutfit,tuning
#insta360,#insta360,browsing
#trackspeed,#trackspeed,browsing
#OOTD,#OOTD,tuning
#crgiftok,#crgiftok,browsing
#Karlsruhe,#Karlsruhe,tuning
#squidgame333,#squidgame333,browsing
#pubg,#pubg,tuning
#babytiktok,#babytiktok,browsing
#skill,#skill,browsing
#spanishstyle,#spanishstyle,tuning
#Foryoupage,#Foryoupage,browsing
#Achtsamkeit,#Achtsamkeit,tuning
#eyetrick,#eyetrick,browsing
#Sirlanka,#Sirlanka,tuning
#placestoeat,#placestoeat,tuning
#socks,#socks,browsing
#briannehowey,#briannehowey,browsing
#memes,#memes,both
#jacobmorgan,#jacobmorgan,browsing
#vespa,#vespa,browsing
#dadsoftiktok,#dadsoftiktok,tuning
#keeptiktok,#keeptiktok,tuning
#aiteoft,#aiteoft,tuning
#200kviews,#200kviews,browsing
#landscape,#landscape,tuning
#athlete,#athlete,browsing
#gameplay,#gameplay,tuning
#BerlinSehenswürdigkeiten,#BerlinSehenswürdigkeiten,tuning
#hype,#hype,tuning
#ashtonhall,#ashtonhall,browsing
#falloutfits,#falloutfits,tuning
#flaredjeans,#flaredjeans,tuning
#paradise,#paradise,tuning
#EuropeTrip,#EuropeTrip,tuning
#funnypets,#funnypets,browsing
#thegrinch,#thegrinch,tuning
#tiktoknederland,#tiktoknederland,browsing
#MapDesign,#MapDesign,browsing
#centralcee,#centralcee,tuning
#peshawar,#peshawar,tuning
#dog,#dog,browsing
#blondetobrown,#blondetobrown,tuning
#pogba,#pogba,browsing
#fu,#fu,both
#DutchGP,#DutchGP,browsing
#rihanna,#rihanna,tuning
#xyzabc,#xyzabc,browsing
#bestgame,#bestgame,tuning
#opgesloten,#opgesloten,browsing
#abandoned,#abandoned,tuning
#isaacsamz,#isaacsamz,browsing
#doggo,#doggo,tuning
#wow,#wow,tuning
#wisatadeals,#wisatadeals,tuning
#thingstodo,#thingstodo,tuning
#catsoftiktok,#catsoftiktok,browsing
#onlinebusiness,#onlinebusiness,browsing
#imtalkinboutinnnitt,#imtalkinboutinnnitt,browsing
#whattoweartoday,#whattoweartoday,tuning
#CustomMap,#CustomMap,browsing
#elevateyourstyle,#elevateyourstyle,tuning
#simplefits,#simplefits,tuning
#grotegezinnen,#grotegezinnen,browsing
#glorytoxijingping,#glorytoxijingping,tuning
#cakedecorator,#cakedecorator,browsing
#tiktok,#tiktok,both
#classy,#classy,tuning
#trendingvideo,#trendingvideo,both
#surfcasting,#surfcasting,browsing
#whatiwore,#whatiwore,tuning
#liveinstagram,#liveinstagram,tuning
#xybca,#xybca,browsing
#respect,#respect,browsing
#carhub,#carhub,tuning
#japanese,#japanese,tuning
#camera,#camera,browsing
#christianlouboutin2025,#christianlouboutin2025,tuning
#aestheticgame,#aestheticgame,tuning
#wander,#wander,tuning
#desi,#desi,browsing
#horrorgames,#horrorgames,tuning
#nataliereynolds,#nataliereynolds,browsing
#chromehearts,#chromehearts,tuning
#lightning,#lightning,browsing
#diadelpadre2025,#diadelpadre2025,browsing
#camilacabello,#camilacabello,tuning
#monarchy,#monarchy,browsing
#holidaystyle,#holidaystyle,tuning
#dementia,#dementia,browsing
#solotravel,#solotravel,tuning
#tripmurah,#tripmurah,tuning
#comedy,#comedy,browsing
#balmain,#balmain,tuning
#middleeastern,#middleeastern,browsing
#car,#car,tuning
#cold,#cold,tuning
#drewstarkey,#drewstarkey,tuning
#Nederland,#Nederland,browsing
#fyppppppppppppppppppppppp,#fyppppppppppppppppppppppp,both
#pov,#pov,both
#serpentine,#serpentine,tuning
#fy,#fy,both
#urbanphotography,#urbanphotography,tuning
#glowup,#glowup,both
#brautiful,#brautiful,browsing
#graphictees,#graphictees,tuning
#르세라핌,#르세라핌,tuning
#finnwolfhard,#finnwolfhard,browsing
#countries,#countries,both
#Party,#Party,tuning
#news,#news,browsing
#vampireheart,#vampireheart,tuning
#bauer,#bauer,tuning
#egypt,#egypt,tuning
#candace,#candace,browsing
#explore,#explore,both
#assassinscreed,#assassinscreed,tuning
#pcgamer,#pcgamer,tuning
#fypviralシ,#fypviralシ,browsing
#voorjoupagina,#voorjoupagina,both
#nightclub,#nightclub,browsing
#globe,#globe,tuning
#robotmop,#robotmop,browsing
#maandag,#maandag,browsing
#ThX,#ThX,tuning
#bradmondo,#bradmondo,tuning
#bremen,#bremen,tuning
#dusseldorf,#dusseldorf,tuning
#KapowMeggings,#KapowMeggings,browsing
#redbullracing,#redbullracing,browsing
#sheffield,#sheffield,browsing
#offerprice,#offerprice,tuning
#ulmcity,#ulmcity,tuning
#coachella,#coachella,tuning
#thaif,#thaif,tuning
#vrouwen,#vrouwen,browsing
#ForYou,#ForYou,browsing
#radio,#radio,browsing
#kontrak,#kontrak,tuning
#prins,#prins,browsing
#ihatemybf,#ihatemybf,browsing
#blackmotherhood,#blackmotherhood,tuning
#mentality,#mentality,browsing
#tuff,#tuff,browsing
#britishandirishlions,#britishandirishlions,browsing
#merrychristmas,#merrychristmas,tuning
#bass,#bass,browsing
#horsegirl,#horsegirl,browsing
#skyscanner,#skyscanner,tuning
#Zhangjiajie,#Zhangjiajie,tuning
#fastestmanalive,#fastestmanalive,browsing
#artvideos,#artvideos,browsing
#Moto3,#Moto3,browsing
#makkah,#makkah,tuning
#WEURO2022,#WEURO2022,browsing
#gymrat,#gymrat,browsing
#eufyE28,#eufyE28,browsing
#brainrot,#brainrot,both
#komodo,#komodo,tuning
#saree,#saree,browsing
#klushuis,#klushuis,tuning
#GothicArchitecture,#GothicArchitecture,tuning
#highschool,#highschool,browsing
#genes,#genes,browsing
#player044,#player044,browsing
#AI,#AI,browsing
#foru,#foru,browsing
#putt,#putt,browsing
#jacksparrow,#jacksparrow,browsing
#mermaid,#mermaid,both
#mangoco,#mangoco,tuning
#hostagesituation,#hostagesituation,tuning
#blackmomsbelike,#blackmomsbelike,tuning
#geography,#geography,browsing
#travelcouple,#travelcouple,tuning
#bsas,#bsas,browsing
#fupシ,#fupシ,browsing
#kibbebodytypes,#kibbebodytypes,tuning
#mymain,#mymain,browsing
#girlies,#girlies,tuning
#top10games,#top10games,tuning
#gyaru,#gyaru,tuning
#realshi,#realshi,browsing
#couplegoals,#couplegoals,browsing
#summeringermany,#summeringermany,tuning
#newarrivals,#newarrivals,tuning
#nl,#nl,browsing
#istanbul,#istanbul,tuning
#دبي,#دبي,tuning
#amersfoort,#amersfoort,browsing
#littleindiasg,#littleindiasg,tuning
#thats200poundsofforafamilyof4,#thats200poundsofforafamilyof4,browsing
#french,#french,browsing
#manifestation,#manifestation,tuning
#findhim,#findhim,browsing
#marokko,#marokko,tuning
#straightrelationships,#straightrelationships,tuning
#trendiing,#trendiing,browsing
#zorg,#zorg,browsing
#SheriffArcane,#SheriffArcane,tuning
#dashcam,#dashcam,browsing
#brawlstars,#brawlstars,tuning
#miralemhy7,#miralemhy7,tuning
#theend,#theend,browsing
#mountain,#mountain,tuning
#holiday,#holiday,both
#autumnoutfit,#autumnoutfit,tuning
#asaprocky,#asaprocky,tuning
#tour,#tour,tuning
#lindy,#lindy,browsing
#umrohplushistoricjeddah,#umrohplushistoricjeddah,tuning
#esoteric,#esoteric,browsing
#McLaren,#McLaren,browsing
#bakery,#bakery,tuning
#wlw,#wlw,browsing
#southeastasia,#southeastasia,tuning
#twingo,#twingo,tuning
#helpinghand,#helpinghand,tuning
#jeddah,#jeddah,tuning
#gamingontiktok,#gamingontiktok,tuning
#throwbackthursday,#throwbackthursday,tuning
#tatemcraetour,#tatemcraetour,browsing
#blackparenting,#blackparenting,tuning
#afterthefunction,#afterthefunction,browsing
#jufnalientjee,#jufnalientjee,browsing
#FanWelt,#FanWelt,tuning
#yorkshiretea,#yorkshiretea,tuning
#atomfall,#atomfall,tuning
#sunrise,#sunrise,tuning
#kleren,#kleren,tuning
#hermes,#hermes,both
#absurd,#absurd,browsing
#fashionhacks,#fashionhacks,tuning
#100metersprint,#100metersprint,browsing
#seoultravel,#seoultravel,tuning
#fypp,#fypp,browsing
#tatemcrae,#tatemcrae,browsing
#bullettrain,#bullettrain,tuning
#vooru,#vooru,browsing
#VerstecktesBerlin,#VerstecktesBerlin,tuning
#fallfashion,#fallfashion,tuning
#supremecourt,#supremecourt,tuning
#aziatisch,#aziatisch,browsing
#ginnyandgeorgia,#ginnyandgeorgia,browsing
#squidgame3,#squidgame3,browsing
#fuel,#fuel,tuning
#singapore,#singapore,tuning
#dailyoutfits,#dailyoutfits,tuning
#viraltt,#viraltt,browsing
#thejacksoncrew,#thejacksoncrew,tuning
#satisfying,#satisfying,browsing
#indiegame,#indiegame,tuning
#deorchidee,#deorchidee,browsing
#hijabi,#hijabi,browsing
#styles,#styles,tuning
#girls,#girls,both
#vayxinh,#vayxinh,browsing
#blowthisupforme,#blowthisupforme,browsing
#uktiktok,#uktiktok,browsing
#m4csl,#m4csl,tuning
#lisa,#lisa,browsing
#art3d,#art3d,browsing
#GermanyTravel,#GermanyTravel,tuning
#dishupdinnerwithme,#dishupdinnerwithme,browsing
#momoutfits,#momoutfits,tuning
#party,#party,both
#fpy,#fpy,browsing
#trending,#trending,both
#everydaystyle,#everydaystyle,tuning
#thenetherlands,#thenetherlands,browsing
#violadavis,#violadavis,tuning
#tan,#tan,browsing
#IndonesiaAdventure,#IndonesiaAdventure,tuning
#robertpattinson,#robertpattinson,tuning
#coloranalysistok,#coloranalysistok,tuning
#ALittleToTheLeft,#ALittleToTheLeft,tuning
#xc,#xc,browsing
#aiartwork,#aiartwork,browsing
#videogames,#videogames,both
#not,#not,tuning
#HistoricalMapping,#HistoricalMapping,browsing
#TravelingTable,#TravelingTable,browsing
#foodisfuel,#foodisfuel,browsing
#mango,#mango,both
#siblings,#siblings,browsing
#weddingday,#weddingday,browsing
#bridalshowerparty,#bridalshowerparty,tuning
#sand,#sand,tuning
#bluelava,#bluelava,tuning
#crf250r,#crf250r,browsing
#echo,#echo,browsing
#ask,#ask,browsing
#liebe,#liebe,tuning
#gymtok,#gymtok,both
#omroepbrabant,#omroepbrabant,browsing
#coloranalysis,#coloranalysis,tuning
#nurse,#nurse,browsing
#surf,#surf,tuning
#Fitness,#Fitness,browsing
#furdich,#furdich,browsing
#tiktokmademebuyit,#tiktokmademebuyit,browsing
#china,#china,tuning
#austria,#austria,browsing
#feestje,#feestje,browsing
#feesten,#feesten,browsing
#ryley,#ryley,browsing
#voodou,#voodou,browsing
#gentleparenting,#gentleparenting,tuning
#girl,#girl,browsing
#bestgames,#bestgames,tuning
#name,#name,browsing
#Denjo,#Denjo,tuning
#slovakia,#slovakia,tuning
#tips,#tips,browsing
#drawings,#drawings,browsing
#problems,#problems,browsing
#countryside,#countryside,tuning
#davidgoggins,#davidgoggins,browsing
#challenge,#challenge,browsing
#robot,#robot,browsing
#kleding,#kleding,tuning
#JuventusvsPSV,#JuventusvsPSV,browsing
#summeroutfit,#summeroutfit,tuning
#greece,#greece,tuning
#girlgamer,#girlgamer,tuning
#blue_haki,#blue_haki,browsing
#menswear,#menswear,tuning
#Renault,#Renault,tuning
#soccertiktok,#soccertiktok,browsing
#satisfyingvideos,#satisfyingvideos,browsing
#fashionmadrid,#fashionmadrid,tuning
#selftaught,#selftaught,browsing
#kukku,#kukku,browsing
#denimtears,#denimtears,tuning
#outfitidea,#outfitidea,tuning
#MentaleStärke,#MentaleStärke,tuning
#54321,#54321,tuning
#distancerunner,#distancerunner,browsing
#equestrian,#equestrian,browsing
#dontflop,#dontflop,browsing
#abandonedphotography,#abandonedphotography,tuning
#kmarthaul,#kmarthaul,tuning
#solofemaletravel,#solofemaletravel,tuning
#officeoutfit,#officeoutfit,tuning
#Chongqing,#Chongqing,tuning
#attractie,#attractie,browsing
#iwasforcedtopostthis,#iwasforcedtopostthis,browsing
#vacationstyle,#vacationstyle,tuning
#oldhorse,#oldhorse,tuning
#butter,#butter,browsing
#abeltesfaye,#abeltesfaye,browsing
#livingabroad,#livingabroad,browsing
#rainbow,#rainbow,browsing
#112nieuws,#112nieuws,browsing
#bartender,#bartender,browsing
#hair,#hair,both
#phoidoxinh,#phoidoxinh,browsing
#artideas,#artideas,browsing
#voorjoupage,#voorjoupage,browsing
#fryskevlogger,#fryskevlogger,browsing
#LiebeDichSelbst,#LiebeDichSelbst,tuning
#PsychologieVerstehen,#PsychologieVerstehen,tuning
#chinatik,#chinatik,tuning
#travelvideos,#travelvideos,tuning
#hardhitterzuk,#hardhitterzuk,browsing
#moots,#moots,tuning
#voleidepraia,#voleidepraia,browsing
#whatwasimadefor,#whatwasimadefor,browsing
#stylingchristmas,#stylingchristmas,tuning
#WieNeemJijMee,#WieNeemJijMee,browsing
#EuropaReisen,#EuropaReisen,tuning
#jelies,#jelies,browsing
#japan,#japan,both
#mustsee,#mustsee,tuning
#4u,#4u,tuning
#simpleoutfit,#simpleoutfit,tuning
#sun,#sun,tuning
#hajimabrurohinsyallah,#hajimabrurohinsyallah,tuning
#schoolmornings,#schoolmornings,browsing
#plussizeshirt,#plussizeshirt,tuning
#traveljapan,#traveljapan,tuning
#moods,#moods,tuning
#memesdeutsch,#memesdeutsch,tuning
#HistoryTok,#HistoryTok,browsing
#jynxzi,#jynxzi,browsing
#masonbaseball,#masonbaseball,browsing
#wano,#wano,browsing
#Oranje,#Oranje,browsing
#trendy,#trendy,both
#digitalcameraphotos,#digitalcameraphotos,browsing
#milkywhitenails,#milkywhitenails,tuning
#dansampson,#dansampson,browsing
#irritatie,#irritatie,browsing
#amsterdam,#amsterdam,both
#rugbytok,#rugbytok,browsing
#blondetobrunette,#blondetobrunette,tuning
#skirt,#skirt,tuning
#bootjevaren,#bootjevaren,browsing
#girlhood,#girlhood,browsing
#kendalljenner,#kendalljenner,tuning
#bestclip,#bestclip,browsing
#newyear2025,#newyear2025,tuning
#louboutin,#louboutin,tuning
#pizzeria,#pizzeria,browsing
#wisdomkaye,#wisdomkaye,tuning
#festival,#festival,browsing
#MindsetDeutschland,#MindsetDeutschland,tuning
#goals,#goals,browsing
#EuropeanTeamChamps2025,#EuropeanTeamChamps2025,browsing
#rain,#rain,tuning
#meta,#meta,tuning
#itztravv,#itztravv,browsing
#whitedress,#whitedress,tuning
#nbacontent,#nbacontent,browsing
#andrightnow,#andrightnow,browsing
#f,#f,both
#kroonprinsesamalia,#kroonprinsesamalia,browsing
#family,#family,both
#europe,#europe,browsing
#freevrgames,#freevrgames,tuning
#consciousteacher,#consciousteacher,tuning
#danieljosephsampson,#danieljosephsampson,browsing
#africa,#africa,browsing
#past,#past,tuning
#goviral,#goviral,both
#drawingtutorial,#drawingtutorial,browsing
#myfavouritecountries,#myfavouritecountries,tuning
#MIKEWHEELER,#MIKEWHEELER,browsing
#dashcamvideos,#dashcamvideos,browsing
#squidgames3,#squidgames3,browsing
#koningin,#koningin,browsing
#umrohplusjeddah,#umrohplusjeddah,tuning
#crash,#crash,both
#bijbaantje,#bijbaantje,browsing
#animal,#animal,tuning
#suzanenfreek,#suzanenfreek,tuning
#top7hub,#top7hub,tuning
#mertabi,#mertabi,tuning
#bff,#bff,browsing
#minispeaker,#minispeaker,browsing
#worklife,#worklife,tuning
#dutchsummer,#dutchsummer,browsing
#grwm,#grwm,tuning
#reactie,#reactie,tuning
#ChetLo,#ChetLo,tuning
#2ares,#2ares,tuning
#pentrutine,#pentrutine,browsing
#tracktok,#tracktok,browsing
#outerbanks,#outerbanks,tuning
#slaapcabine,#slaapcabine,browsing
#respectvideos,#respectvideos,browsing
#manchestercity,#manchestercity,tuning
#baking,#baking,browsing
#chinabestbest,#chinabestbest,tuning
#velocity,#velocity,browsing
#summeroutfitideas,#summeroutfitideas,tuning
#xyz,#xyz,browsing
#bachelotettepartyinspo,#bachelotettepartyinspo,tuning
#couplestiktok,#couplestiktok,browsing
#learnontiktok,#learnontiktok,browsing
#leaguesoflegends,#leaguesoflegends,tuning
#dmoon,#dmoon,browsing
#vlow,#vlow,browsing
#comeshopwithme,#comeshopwithme,tuning
#maxverstappen,#maxverstappen,browsing
#maflodder,#maflodder,browsing
#holidayfashion,#holidayfashion,tuning
#manchetser,#manchetser,browsing
#mishandeling,#mishandeling,browsing
#hike,#hike,tuning
#hd,#hd,tuning
#zahide,#zahide,browsing
#youcansave,#youcansave,browsing
#ishowspeedclipz,#ishowspeedclipz,browsing
#weightlifting,#weightlifting,browsing
#pumpfake,#pumpfake,browsing
#duikelientje,#duikelientje,browsing
#onepieceedit,#onepieceedit,browsing
#truckvideos,#truckvideos,browsing
#bestofbali,#bestofbali,tuning
#summerfashion,#summerfashion,tuning
#raw,#raw,browsing
#kdrama,#kdrama,browsing
#gamerlife,#gamerlife,tuning
#germany,#germany,both
#christmas,#christmas,tuning
#horse,#horse,browsing
#manchild,#manchild,tuning
#hijab,#hijab,browsing
#eye,#eye,browsing
#lvxmurakami,#lvxmurakami,tuning
#answer,#answer,tuning
#overseas,#overseas,tuning
#phonecall,#phonecall,browsing
#outfitinspo,#outfitinspo,tuning
#adventure,#adventure,tuning
#game,#game,both
#app,#app,browsing
#princesses,#princesses,browsing
#voguegermany,#voguegermany,tuning
#CathedralsofEurope,#CathedralsofEurope,tuning
#hajiONHquota2025,#hajiONHquota2025,tuning
#dream,#dream,tuning
#easyrecipe,#easyrecipe,browsing
#baker,#baker,browsing
#asian,#asian,browsing
#loser,#loser,browsing
#makemywishcometrue,#makemywishcometrue,tuning
#quiztime,#quiztime,browsing
#futebol,#futebol,browsing
#Mandurah,#Mandurah,tuning
#ipad,#ipad,browsing
#comment,#comment,browsing
#AltijdGezelligMet,#AltijdGezelligMet,browsing
#huisverbouwen,#huisverbouwen,tuning
#ashistudio,#ashistudio,tuning
#funnyvideos,#funnyvideos,browsing
#home,#home,browsing
#breakingbad,#breakingbad,tuning
#drawinglessonsforkids,#drawinglessonsforkids,browsing
#thomaskuc,#thomaskuc,browsing
#like,#like,both
#flpシ,#flpシ,browsing
#golftiktok,#golftiktok,browsing
#phoido,#phoido,browsing
#workwear,#workwear,tuning
#buschauffeur,#buschauffeur,browsing
#speedstacks,#speedstacks,browsing
#topgames,#topgames,tuning
#fun,#fun,both
#yamal,#yamal,browsing
#colorfuloutfit,#colorfuloutfit,tuning
#coolmom,#coolmom,tuning
#pyf,#pyf,tuning
#scammers,#scammers,tuning
#oldmoneyaesthetic,#oldmoneyaesthetic,tuning
#NOSstories,#NOSstories,browsing
#GlobeRank,#GlobeRank,tuning
#somalitiktok,#somalitiktok,browsing
#jet2holidays,#jet2holidays,browsing
#voleibol,#voleibol,browsing
#kulturschock,#kulturschock,tuning
#korea,#korea,browsing
#bridallook,#bridallook,tuning
#hi,#hi,tuning
#unfrezzmyaccount,#unfrezzmyaccount,browsing
#satisfyingvideo,#satisfyingvideo,browsing
#kozijn,#kozijn,browsing
#shakeittothemax,#shakeittothemax,browsing
#melbourne,#melbourne,tuning
#brookemonk,#brookemonk,browsing
#pinkpantheress,#pinkpantheress,tuning
#backpackinglife,#backpackinglife,tuning
#biceps,#biceps,browsing
#france,#france,browsing
#geeftjevleugels,#geeftjevleugels,browsing
#fineshyt,#fineshyt,browsing
#duinrell,#duinrell,browsing
#canweskiptothegoodpart,#canweskiptothegoodpart,tuning
#ifykyk,#ifykyk,browsing
#kruidvat,#kruidvat,browsing
#SoutheastAsiaTravel,#SoutheastAsiaTravel,tuning
#chinatown,#chinatown,tuning
#haji2025,#haji2025,tuning
#momsontiktok,#momsontiktok,tuning
#gaviraal,#gaviraal,browsing
#bestsettings,#bestsettings,browsing
#AchtsamkeitLeben,#AchtsamkeitLeben,tuning
#logoname,#logoname,browsing
#bali,#bali,tuning
#beachvolleyball,#beachvolleyball,browsing
#eyetricks,#eyetricks,browsing
#smoothie,#smoothie,browsing
#celebglam,#celebglam,tuning
#comfymom,#comfymom,tuning
#whattowearbyalyashoukry,#whattowearbyalyashoukry,tuning
#repost,#repost,browsing
#dancersoftiktok,#dancersoftiktok,browsing
#visahaji,#visahaji,tuning
#London,#London,tuning
#pizza,#pizza,browsing
#kibbe,#kibbe,tuning
#mustvisit,#mustvisit,tuning
#fashion,#fashion,both
#dating,#dating,tuning
#luxemburg,#luxemburg,browsing
#rafecameron,#rafecameron,tuning
#screaming,#screaming,browsing
#vairal,#vairal,browsing
#черлідінг,#черлідінг,browsing
#cute,#cute,browsing
#wet,#wet,browsing
#movietheater,#movietheater,browsing
#huzz,#huzz,browsing
#bathroom,#bathroom,browsing
#trapstar,#trapstar,tuning
#tatcha,#tatcha,browsing
#respectfulparenting,#respectfulparenting,both
#lovelulus,#lovelulus,tuning
#islandlife,#islandlife,tuning
#casualoutfits,#casualoutfits,tuning
#athletesoftiktok,#athletesoftiktok,browsing
#WEURO2025,#WEURO2025,browsing
#kennisquiz,#kennisquiz,browsing
#marriage,#marriage,tuning
#whitehouse,#whitehouse,tuning
#mcr,#mcr,browsing
#skydive,#skydive,tuning
#jeriyah,#jeriyah,browsing
#2000sthrowback,#2000sthrowback,browsing
#bestcountries,#bestcountries,tuning
#trav,#trav,tuning
#handball,#handball,browsing
#photography,#photography,tuning
#zarahaul,#zarahaul,tuning
#TravelTheWorld,#TravelTheWorld,tuning
#minicooper,#minicooper,browsing
#allinclusive,#allinclusive,browsing
#boete,#boete,browsing
#hairdresser,#hairdresser,both
#BesucheBerlin,#BesucheBerlin,tuning
#basketball,#basketball,browsing
#summersale,#summersale,browsing
#travel,#travel,both
#nightvison,#nightvison,browsing
#Flyweight,#Flyweight,browsing
#Wedorecover,#Wedorecover,tuning
#travelhaji,#travelhaji,tuning
#backpacking,#backpacking,tuning
#pinkgaming,#pinkgaming,tuning
#thejubalshow,#thejubalshow,browsing
#gameshakers,#gameshakers,browsing
#girltalk,#girltalk,tuning
#knowledge,#knowledge,browsing
#bewaker,#bewaker,browsing
#backpacker,#backpacker,tuning
#verjaardag,#verjaardag,browsing
#photoshopediting,#photoshopediting,browsing
#sunsetlover,#sunsetlover,tuning
#editme,#editme,browsing
#retailproblems,#retailproblems,browsing
#joshua9ine,#joshua9ine,browsing
#grid,#grid,browsing
#neutralstyle,#neutralstyle,tuning
#90saesthetic,#90saesthetic,browsing
#videoviral,#videoviral,both
#jlo,#jlo,tuning
#oscardelarenta,#oscardelarenta,tuning
#blonde,#blonde,both
#diemen,#diemen,browsing
#fantakorn,#fantakorn,tuning
#datenight,#datenight,browsing
#stripesshirt,#stripesshirt,tuning
#workingholidayaustralia,#workingholidayaustralia,tuning
#snitch,#snitch,browsing
#osaka,#osaka,tuning
#teacherspet,#teacherspet,browsing
#lvbags,#lvbags,tuning
#backmuscles,#backmuscles,browsing
#mfw,#mfw,tuning
#solobackpacker,#solobackpacker,tuning
#beatrix,#beatrix,browsing
#oisterwijk,#oisterwijk,browsing
#madhattermtl,#madhattermtl,browsing
#benzine,#benzine,browsing
#plscomeback,#plscomeback,browsing
#grad,#grad,browsing
#klookph,#klookph,tuning
#abandonedplaces,#abandonedplaces,tuning
#EpicDestinations,#EpicDestinations,tuning
#hiddengems,#hiddengems,tuning
#newyearoutfit,#newyearoutfit,tuning
#UFC317,#UFC317,browsing
#hoofdpijn,#hoofdpijn,browsing
#thewok,#thewok,tuning
#seconddateupdate,#seconddateupdate,browsing
#midsizefashion,#midsizefashion,tuning
#studentnurse,#studentnurse,browsing
#scheemda,#scheemda,tuning
#greatvideos,#greatvideos,tuning
#indonesia,#indonesia,tuning
#gamingsetup,#gamingsetup,tuning
#louisvuittonmen,#louisvuittonmen,tuning
#doechii,#doechii,tuning
#princessalexia,#princessalexia,browsing
#familylife,#familylife,tuning
#celebritystyle,#celebritystyle,tuning
#68,#68,browsing
#funnyvideo,#funnyvideo,browsing
#canggu,#canggu,tuning
#autotune,#autotune,browsing
#smoothiebowl,#smoothiebowl,browsing
#funnyrelatable,#funnyrelatable,browsing
#aurapoints,#aurapoints,browsing
#momtok,#momtok,tuning
#messi,#messi,browsing
#teamwork,#teamwork,tuning
#072,#072,browsing
#people,#people,tuning
#nystagmus,#nystagmus,browsing
#dramaticclassic,#dramaticclassic,tuning
#murakami,#murakami,tuning
#sauna,#sauna,tuning
#testimonihaji,#testimonihaji,tuning
#hospitallife,#hospitallife,browsing
#spooky,#spooky,browsing
#battlefront3,#battlefront3,browsing
#edit,#edit,both
#pokemonmeme,#pokemonmeme,browsing
#GeographyNerd,#GeographyNerd,browsing
#mamansolo,#mamansolo,browsing
#gamingroom,#gamingroom,tuning
#movingtoaustralia,#movingtoaustralia,tuning
#murakamibag,#murakamibag,tuning
#hudabeauty,#hudabeauty,browsing
#BiancaJagger,#BiancaJagger,tuning
#luziwei,#luziwei,browsing
#222,#222,browsing
#ai,#ai,browsing
#clashroyale,#clashroyale,browsing
#duopennotti,#duopennotti,browsing
#europeanfashion,#europeanfashion,tuning
#Livestream,#Livestream,tuning
#kyoto,#kyoto,tuning
#billieeilishtour,#billieeilishtour,browsing
#menbags,#menbags,tuning
#workoutfit,#workoutfit,both
#hsv,#hsv,tuning
#China,#China,tuning
#noair,#noair,browsing
#jackson,#jackson,browsing
#amandaseyfried,#amandaseyfried,tuning
#sequinseason,#sequinseason,tuning
#trendymom,#trendymom,tuning
#video,#video,both
#graduation,#graduation,browsing
#splitfiction,#splitfiction,tuning
#richbutsad,#richbutsad,browsing
#freunde,#freunde,browsing
#RoadTo18M,#RoadTo18M,browsing
#robinsonclub,#robinsonclub,browsing
#jordan,#jordan,tuning
#festivalstyle,#festivalstyle,tuning
#landwirt,#landwirt,tuning
#nederland,#nederland,both
#dolphinspotting,#dolphinspotting,tuning
#livingingermany,#livingingermany,browsing
#greenenergy,#greenenergy,tuning
#isupportrussia,#isupportrussia,tuning
#halloweenlook,#halloweenlook,tuning
#oceanography,#oceanography,browsing
#FYP,#FYP,browsing
#bizar,#bizar,browsing
#exercise,#exercise,browsing
#shorts,#shorts,browsing
#highfashion,#highfashion,tuning
#pokemoncommunity,#pokemoncommunity,browsing
#darthmaul,#darthmaul,browsing
#royals,#royals,browsing
#tattoo,#tattoo,browsing
#solotraveler,#solotraveler,tuning
#beautytok,#beautytok,tuning
#unitedrugbychampionship,#unitedrugbychampionship,browsing
#strength,#strength,browsing
#runningoutfit,#runningoutfit,browsing
#logochallenge,#logochallenge,browsing
#watermelon,#watermelon,browsing
#foodreview,#foodreview,both
#loveislandusa,#loveislandusa,browsing
#coolundertones,#coolundertones,tuning
#2ndplace,#2ndplace,browsing
#dietcoke,#dietcoke,browsing
#gtistein,#gtistein,tuning
#luckybluesmithmodel,#luckybluesmithmodel,tuning
#ogohogoh,#ogohogoh,tuning
#benchpress,#benchpress,browsing
#koenigsegg,#koenigsegg,browsing
#death,#death,browsing
#dxb,#dxb,browsing
#women,#women,both
#styletip,#styletip,tuning
#angelamerkel,#angelamerkel,tuning
#Travel2025,#Travel2025,tuning
#loveisland,#loveisland,browsing
#itinerary,#itinerary,tuning
#gezakt,#gezakt,browsing
#asia,#asia,both
#sportsedit,#sportsedit,browsing
#urbanexplorer,#urbanexplorer,tuning
#SimsSelves,#SimsSelves,tuning
#lifestyle,#lifestyle,tuning
#sensoryactivity,#sensoryactivity,browsing
#MilanvsFeyenoord,#MilanvsFeyenoord,browsing
#roblox,#roblox,tuning
#seeyousoon,#seeyousoon,tuning
#ijen,#ijen,tuning
#rls,#rls,browsing
#سعودية,#سعودية,tuning
#palestine,#palestine,browsing
#BucketList,#BucketList,tuning
#WWWFestiveHouse,#WWWFestiveHouse,tuning
#birkinbags,#birkinbags,tuning
#ThailandTrip,#ThailandTrip,tuning
#slam,#slam,browsing
#linedrawing,#linedrawing,browsing
#volgen,#volgen,browsing
#dogsoftiktok,#dogsoftiktok,browsing
#creativework,#creativework,tuning
#mason67,#mason67,browsing
#bachelotetteweek,#bachelotetteweek,tuning
#cateblanchett,#cateblanchett,tuning
#troll,#troll,browsing
#parati,#parati,browsing
#philly,#philly,browsing
#sepedi,#sepedi,browsing
#sweater,#sweater,tuning
#4up,#4up,tuning
#stripesshirtoutfit,#stripesshirtoutfit,tuning
#metaquest2,#metaquest2,tuning
#plane,#plane,browsing
#viralvideos,#viralvideos,both
#xyzbcafypシ,#xyzbcafypシ,browsing
#foryoupageofficiall,#foryoupageofficiall,browsing
#exploretheworld,#exploretheworld,tuning
#song,#song,tuning
#uniqlo,#uniqlo,tuning
#rugby,#rugby,browsing
#couples,#couples,browsing
#eyetrend,#eyetrend,browsing
#motherdaughter,#motherdaughter,tuning
#memestiktok,#memestiktok,tuning
#LE_SSERAFIM,#LE_SSERAFIM,tuning
#dinner,#dinner,browsing
#japanesehorror,#japanesehorror,tuning
#anatoly,#anatoly,browsing
#alexiavanoranje,#alexiavanoranje,browsing
#football,#football,browsing
#friendship,#friendship,tuning
#haleydebee,#haleydebee,browsing
#summerstyle,#summerstyle,tuning
#TravelTips,#TravelTips,tuning
#mustard,#mustard,browsing
#cleaning,#cleaning,browsing
#footballtiktok,#footballtiktok,browsing
#MapArt,#MapArt,browsing
#britishcountryside,#britishcountryside,tuning
#virtualstylist,#virtualstylist,tuning
#xo,#xo,browsing
#target,#target,browsing
#redarmy,#redarmy,tuning
#templatecapcut,#templatecapcut,browsing
#zbyszekkucharski,#zbyszekkucharski,tuning
#nextdress,#nextdress,tuning
#funquiz,#funquiz,browsing
#touringcarchauffeur,#touringcarchauffeur,browsing
#autumnoutfits,#autumnoutfits,tuning
#whattowearclothes,#whattowearclothes,tuning
#jumpscare,#jumpscare,tuning
#assassinscreedshadows,#assassinscreedshadows,tuning
#shirt,#shirt,tuning
#jesusisking,#jesusisking,browsing
#arabicletters,#arabicletters,tuning
#workingholidayvisas,#workingholidayvisas,tuning
#BerlinReise,#BerlinReise,tuning
#moneytok,#moneytok,browsing
#eufyvacuum,#eufyvacuum,browsing
#longdistancerunner,#longdistancerunner,browsing
#travelhacks,#travelhacks,tuning
#vienna,#vienna,browsing
#cakedecorating,#cakedecorating,browsing
#UNESCOWorldHeritage,#UNESCOWorldHeritage,tuning
#unfreezmyaccount,#unfreezmyaccount,browsing
#bosphoruscruise,#bosphoruscruise,tuning
#aiart,#aiart,browsing
#milkshake,#milkshake,browsing
#9monthsold,#9monthsold,browsing
#Dolphin,#Dolphin,tuning
#setswana,#setswana,browsing
#flag,#flag,browsing
#trauma,#trauma,tuning
#childhood,#childhood,tuning
#xijinping,#xijinping,tuning
#cheetahspeed,#cheetahspeed,browsing
#oldmoney,#oldmoney,both
#akshaya,#akshaya,browsing
#quiz,#quiz,browsing
#corecore,#corecore,browsing
#harrisreed,#harrisreed,tuning
#temporarylife,#temporarylife,browsing
#Kip,#Kip,browsing
#laos,#laos,tuning
#pinterest,#pinterest,tuning
#ashi,#ashi,tuning
#vay,#vay,browsing
#festivaloutfit,#festivaloutfit,tuning
#missu,#missu,browsing
#golfgirls,#golfgirls,browsing
#babymetal,#babymetal,browsing
#travelumroh,#travelumroh,tuning
#madinah,#madinah,tuning
#asmrvideos,#asmrvideos,browsing
#trollface,#trollface,browsing
#hajitamattu,#hajitamattu,tuning
#quotesaboutlife,#quotesaboutlife,tuning
#doha,#doha,tuning
#kobebryant,#kobebryant,browsing
#münchen,#münchen,tuning
#desperatehousewives,#desperatehousewives,browsing
#manchester,#manchester,tuning
#politienederland,#politienederland,browsing
#real,#real,browsing
#ukcomedy,#ukcomedy,browsing
#waadaloqaili,#waadaloqaili,tuning
#house,#house,browsing
#jackfrost,#jackfrost,tuning
#nowyouknow,#nowyouknow,browsing
#xijingping,#xijingping,tuning
#foryoug,#foryoug,tuning
#dragqueen,#dragqueen,browsing
#pulangkeindonesia,#pulangkeindonesia,tuning
#obsessionisreal,#obsessionisreal,tuning
#kanzlerin,#kanzlerin,tuning
#mariahcarey,#mariahcarey,tuning
#manifestnetflix,#manifestnetflix,tuning
#history,#history,browsing
#politie,#politie,both
#ocean,#ocean,both
#mindset,#mindset,both
#jwpei,#jwpei,tuning
#hm,#hm,tuning
#robloxedit,#robloxedit,tuning
#steaktiktok,#steaktiktok,browsing
#vrgames,#vrgames,tuning
#swsh,#swsh,tuning
#amazing,#amazing,browsing
#roodlicht,#roodlicht,browsing
#Challengers,#Challengers,tuning
#luna,#luna,tuning
#security,#security,browsing
#colorpallete,#colorpallete,tuning
#pes,#pes,tuning
#tvgirl,#tvgirl,browsing
#TravelDestinations,#TravelDestinations,tuning
#newinstore,#newinstore,tuning
#emergencycontact,#emergencycontact,tuning
#traveltok,#traveltok,tuning
#50pounds,#50pounds,browsing
#LisFrankenstein,#LisFrankenstein,tuning
#buitenopgesloten,#buitenopgesloten,browsing
#lefkada,#lefkada,tuning
#player222,#player222,browsing
#robux,#robux,tuning
#rood,#rood,browsing
#Tatcha,#Tatcha,browsing
#pamukkale,#pamukkale,tuning
#cookies,#cookies,tuning
#billieeilish,#billieeilish,both
#asiatour,#asiatour,tuning
#presents,#presents,tuning
#foodietiktok,#foodietiktok,tuning
#summerinthenetherlands,#summerinthenetherlands,browsing
#bebe2024,#bebe2024,browsing
#ViralVideo,#ViralVideo,browsing
#bridalshowerideas,#bridalshowerideas,tuning
#luxury,#luxury,tuning
#xctf,#xctf,browsing
#gooddog,#gooddog,tuning
#thatonegirl,#thatonegirl,browsing
#nowifigame,#nowifigame,tuning
#coordsets,#coordsets,tuning
#sahabatasiatour,#sahabatasiatour,tuning
#jeffbezos,#jeffbezos,browsing
#dead,#dead,tuning
#remodelingcontractors,#remodelingcontractors,browsing
#umrohplus,#umrohplus,tuning
#uk,#uk,both
#koning,#koning,both
#reminder,#reminder,browsing
#mönchengladbach,#mönchengladbach,tuning
#chauffeur,#chauffeur,browsing
#eufyHydroJet,#eufyHydroJet,browsing
#travelling,#travelling,tuning
#corteiz,#corteiz,tuning
#foodtiktok,#foodtiktok,tuning
#Pet,#Pet,browsing
#byegtitreffen,#byegtitreffen,tuning
#oom,#oom,both
#wwwfestivehouse,#wwwfestivehouse,tuning
#trickshot,#trickshot,browsing
#clip,#clip,browsing
#Chinabest,#Chinabest,tuning
#sandwich,#sandwich,browsing
#poetsoftiktok,#poetsoftiktok,tuning
#exploring,#exploring,tuning
#jurassicworldrebirth,#jurassicworldrebirth,tuning
#NurDerKSC,#NurDerKSC,tuning
#teamworkmakesthedreamwork,#teamworkmakesthedreamwork,tuning
#h3l,#h3l,browsing
#beachoutfit,#beachoutfit,tuning
#finaldestinationbloodlinesmovie,#finaldestinationbloodlinesmovie,browsing
#Selbstliebe,#Selbstliebe,tuning
#stantwt,#stantwt,browsing
#luluspartner,#luluspartner,tuning
#core,#core,browsing
#kmart,#kmart,tuning
#karlsruhersc,#karlsruhersc,tuning
#goodpets,#goodpets,browsing
#logodesign,#logodesign,browsing
#applewatch,#applewatch,tuning
#grandma,#grandma,browsing
#colorseason,#colorseason,tuning
#christmastime,#christmastime,tuning
#boy,#boy,browsing
#bald,#bald,browsing
#blazeroutfit,#blazeroutfit,tuning
#candy,#candy,browsing
#pregnancyannouncement,#pregnancyannouncement,tuning
#viral,#viral,both
#nonfashion,#nonfashion,tuning
#longterm,#longterm,browsing
#Amersfoort,#Amersfoort,browsing
#formalpant,#formalpant,tuning
#creecicchino,#creecicchino,browsing
#gilitrawangan,#gilitrawangan,tuning
#classystyle,#classystyle,tuning
#grappig,#grappig,browsing
#beginnernailtech,#beginnernailtech,browsing
#prank,#prank,browsing
#momentbeforedisaster,#momentbeforedisaster,browsing
#realmadrid,#realmadrid,browsing
#pulangkampung,#pulangkampung,tuning
#guatemala,#guatemala,tuning
#viraal,#viraal,browsing
#nederlands,#nederlands,browsing
#floor,#floor,browsing
#weddinglineup,#weddinglineup,browsing
#Wanderlust,#Wanderlust,tuning
#heaven,#heaven,tuning
#Hits,#Hits,tuning
#capcutedit,#capcutedit,browsing
#arabiabride,#arabiabride,tuning
#tourism,#tourism,tuning
#Aesthetic,#Aesthetic,browsing
#loadout,#loadout,tuning
#chinatiktok,#chinatiktok,tuning
#argentina,#argentina,browsing
#Overtreders,#Overtreders,browsing
#curlygirl,#curlygirl,browsing
#edwardcullen,#edwardcullen,tuning
#socialcredit,#socialcredit,tuning
#end,#end,browsing
#kumikumi,#kumikumi,browsing
#ongeluk,#ongeluk,browsing
#Altena,#Altena,browsing
#quinceañera,#quinceañera,browsing
#frenchpolynesia,#frenchpolynesia,tuning
#prinses,#prinses,browsing
#BeforeAndAfter,#BeforeAndAfter,browsing
#silkskirt,#silkskirt,tuning
#serbia,#serbia,tuning
#toddlermom,#toddlermom,tuning
#trucks,#trucks,browsing
#travelbucketlist,#travelbucketlist,tuning
#pinkcore,#pinkcore,tuning
#newyorkcity,#newyorkcity,browsing
#fypage,#fypage,both
#anime,#anime,browsing
#travelphotographer,#travelphotographer,tuning
#aestheticoutfits,#aestheticoutfits,tuning
#rap,#rap,browsing
#recedinghairline,#recedinghairline,browsing
#bloodlines,#bloodlines,browsing
#run,#run,both
#analoghorror,#analoghorror,browsing
#socialcreditsyst,#socialcreditsyst,tuning
#borrowedtime,#borrowedtime,browsing
#scam,#scam,tuning
#couture,#couture,tuning
#solotravelgirl,#solotravelgirl,tuning
#summer2025,#summer2025,tuning
#happiness,#happiness,tuning
#kokem,#kokem,browsing
#twingorenault,#twingorenault,tuning
#bmw,#bmw,tuning
#volei,#volei,browsing
#honourthecraving,#honourthecraving,browsing
#jb_gaming,#jb_gaming,tuning
#jsm1st,#jsm1st,browsing
#kaido,#kaido,browsing
#usa,#usa,both
#schotpoortcontainertransport,#schotpoortcontainertransport,browsing
#reselling,#reselling,browsing
#rs3,#rs3,browsing
#KFCLegendaryXmas,#KFCLegendaryXmas,tuning
#pjset,#pjset,tuning
#faithingod,#faithingod,browsing
#weddingfail,#weddingfail,tuning
#classof2025,#classof2025,browsing
#teachercrush,#teachercrush,browsing
